Symbol,Yearly_Change,Avg_Month_Change,Avg_Month_Volatile
20MICRONS.NS,31.33,2.61,28.04
21STCENMGM.NS,117.43,9.79,30.83
360ONE.NS,52.59,4.38,23.53
3IINFOLTD.NS,-46.47,-3.87,23.16
3MINDIA.NS,-20.93,-1.74,13.94
3PLAND.NS,100.14,8.35,38.6
5PAISA.NS,-24.45,-2.04,18.86
63MOONS.NS,75.49,6.29,34.5
A2ZINFRA.NS,67.6,5.63,29.67
AAATECH.NS,43.0,3.58,32.0
AADHARHFC.NS,19.76,2.82,22.73
AAKASH.NS,-22.33,-1.86,26.98
AAREYDRUGS.NS,1.39,0.12,25.81
AARON.NS,18.3,1.53,18.35
AARTECH.NS,72.29,6.02,30.41
AARTIDRUGS.NS,-14.39,-1.2,16.03
AARTIIND.NS,-47.4,-3.95,19.86
AARTIPHARM.NS,6.43,0.54,22.01
AARTISURF.NS,-8.26,-0.69,21.6
AARVEEDEN.NS,147.35,12.28,34.82
AARVI.NS,-13.36,-1.11,23.06
AAVAS.NS,1.98,0.17,14.31
ABAN.NS,34.18,2.85,32.97
ABB.NS,39.68,3.31,19.22
ABBOTINDIA.NS,20.45,1.7,10.31
ABCAPITAL.NS,9.07,0.76,18.35
ABDL.NS,20.37,4.07,18.49
ABFRL.NS,23.14,1.93,20.66
ABMINTLLTD.NS,48.53,4.04,36.39
ABREL.NS,78.21,6.52,24.8
ABSLAMC.NS,51.6,4.3,17.83
ACC.NS,-13.43,-1.12,15.81
ACCELYA.NS,5.91,0.49,17.87
ACCURACY.NS,35.79,2.98,35.12
ACE.NS,58.3,4.86,25.6
ACEINTEG.NS,-41.38,-3.45,25.57
ACI.NS,0.76,0.06,20.24
ACL.NS,-35.32,-2.94,22.06
ACLGATI.NS,-34.67,-2.89,19.21
ACMESOLAR.NS,-13.93,-13.93,26.31
ADANIENSOL.NS,-40.0,-3.33,27.03
ADANIENT.NS,-27.75,-2.31,18.94
ADANIGREEN.NS,-54.64,-4.55,28.71
ADANIPORTS.NS,4.44,0.37,17.49
ADANIPOWER.NS,-15.23,-1.27,22.06
ADFFOODS.NS,46.31,3.86,24.28
ADL.NS,-5.86,-0.49,22.55
ADORWELD.NS,-32.79,-2.73,18.74
ADROITINFO.NS,17.68,1.47,29.1
ADSL.NS,60.66,5.05,31.37
ADVANIHOTR.NS,39.02,3.25,26.44
ADVENZYMES.NS,1.13,0.09,20.54
AEGISLOG.NS,16.36,2.34,24.79
AEROFLEX.NS,20.03,1.67,22.65
AETHER.NS,-5.51,-0.46,14.04
AFCONS.NS,3.02,3.02,16.32
AFFLE.NS,21.28,1.77,17.19
AFFORDABLE.NS,-12.4,-6.2,17.42
AFIL.NS,-19.14,-3.19,28.48
AGARIND.NS,36.65,3.05,24.64
AGI.NS,48.39,4.03,24.3
AGIIL.NS,77.14,15.43,37.73
AGRITECH.NS,0.1,0.01,30.47
AGROPHOS.NS,-27.56,-2.3,25.87
AGSTRA.NS,-25.62,-2.13,31.7
AHL.NS,1.18,0.1,29.65
AHLADA.NS,-37.53,-3.13,25.5
AHLEAST.NS,11.67,0.97,20.62
AHLUCONT.NS,22.95,1.91,23.48
AIAENG.NS,-9.33,-0.78,15.01
AIIL.NS,79.27,9.91,32.09
AIRAN.NS,27.94,2.33,30.73
AIROLAM.NS,-1.73,-0.15,24.6
AJANTPHARM.NS,26.27,2.19,17.15
AJMERA.NS,100.14,8.34,28.03
AJOONI.NS,14.01,1.17,29.07
AKASH.NS,-18.34,-1.53,29.03
AKG.NS,-32.46,-2.7,24.57
AKI.NS,-79.24,-6.6,27.91
AKSHAR.NS,-123.55,-10.3,45.15
AKSHARCHEM.NS,5.02,0.42,24.08
AKSHOPTFBR.NS,0.1,0.01,30.04
AKUMS.NS,-38.95,-9.74,27.39
AKZOINDIA.NS,33.85,2.82,15.93
ALANKIT.NS,8.97,0.75,24.98
ALBERTDAVD.NS,33.49,2.79,28.15
ALEMBICLTD.NS,43.79,3.65,24.31
ALICON.NS,19.0,1.58,25.16
ALKALI.NS,-19.56,-1.63,24.55
ALKEM.NS,2.85,0.24,13.36
ALKYLAMINE.NS,-29.45,-2.45,17.86
ALLCARGO.NS,-49.53,-4.13,19.97
ALLDIGI.NS,-7.38,-2.46,25.59
ALMONDZ.NS,82.5,6.87,34.75
ALOKINDS.NS,5.59,0.47,25.81
ALPA.NS,13.4,1.12,23.62
ALPHAGEO.NS,50.3,4.19,28.93
ALPSINDUS.NS,58.73,4.89,32.88
AMBER.NS,73.64,6.14,26.96
AMBICAAGAR.NS,-8.04,-0.67,25.2
AMBIKCO.NS,-4.14,-0.34,18.63
AMBUJACEM.NS,-0.96,-0.08,15.23
AMDIND.NS,-42.01,-3.5,26.69
AMIORG.NS,60.61,5.05,20.95
AMJLAND.NS,47.8,3.98,28.95
AMNPLST.NS,48.72,4.06,31.91
AMRUTANJAN.NS,24.36,2.03,16.14
ANANDRATHI.NS,41.87,3.49,17.4
ANANTRAJ.NS,102.93,8.58,24.45
ANDHRAPAP.NS,-24.83,-2.07,15.25
ANDHRSUGAR.NS,-21.15,-1.76,17.51
ANGELONE.NS,-23.4,-1.95,27.17
ANIKINDS.NS,95.05,7.92,27.25
ANKITMETAL.NS,11.97,1.0,25.96
ANMOL.NS,-90.82,-7.57,21.17
ANSALAPI.NS,9.33,0.78,29.15
ANTGRAPHIC.NS,18.08,1.51,32.71
ANUP.NS,98.65,8.22,26.94
ANURAS.NS,-39.47,-3.29,13.17
APARINDS.NS,44.16,3.68,21.19
APCL.NS,-25.52,-2.13,17.71
APCOTEXIND.NS,-29.95,-2.49,15.07
APEX.NS,10.12,0.84,23.95
APLAPOLLO.NS,-4.96,-0.41,14.78
APLLTD.NS,37.48,3.12,21.22
APOLLO.NS,-27.27,-2.27,21.83
APOLLOHOSP.NS,21.44,1.79,10.5
APOLLOPIPE.NS,-43.29,-3.61,16.39
APOLLOTYRE.NS,16.91,1.41,17.09
APOLSINHOT.NS,12.3,1.03,26.59
APTECHT.NS,-38.83,-3.24,21.58
APTUS.NS,-9.24,-0.77,16.71
ARCHIDPLY.NS,25.17,2.1,31.15
ARCHIES.NS,-19.06,-1.59,28.37
ARE&M.NS,39.68,3.31,26.34
ARENTERP.NS,15.69,1.31,36.56
ARIES.NS,53.93,4.49,31.73
ARIHANTCAP.NS,26.96,2.25,28.43
ARIHANTSUP.NS,56.99,4.75,29.76
ARKADE.NS,7.13,2.37,24.79
ARMANFIN.NS,-57.99,-4.83,20.33
AROGRANITE.NS,-5.72,-0.48,23.75
ARROWGREEN.NS,61.32,5.11,27.29
ARSHIYA.NS,-62.28,-5.19,33.39
ARSSINFRA.NS,20.95,1.75,28.61
ARTEMISMED.NS,66.82,5.57,23.05
ARTNIRMAN.NS,33.31,2.78,35.43
ARVEE.NS,9.93,0.83,34.32
ARVIND.NS,45.66,3.81,20.98
ARVINDFASN.NS,20.1,1.67,21.07
ARVSMART.NS,70.46,5.87,27.15
ASAHIINDIA.NS,25.82,2.15,18.93
ASAHISONG.NS,14.48,1.21,24.72
ASAL.NS,49.37,4.12,32.88
ASALCBR.NS,83.39,6.95,26.92
ASHAPURMIN.NS,4.41,0.37,31.91
ASHIANA.NS,26.55,2.21,22.98
ASHIMASYN.NS,70.83,5.9,37.38
ASHOKA.NS,69.82,5.82,27.43
ASHOKAMET.NS,-42.12,-3.51,33.31
ASHOKLEY.NS,13.33,1.11,15.47
ASIANENE.NS,29.68,2.47,28.17
ASIANHOTNR.NS,1.16,0.1,25.69
ASIANPAINT.NS,-39.66,-3.31,10.76
ASIANTILES.NS,-7.67,-0.64,24.06
ASKAUTOLTD.NS,44.97,3.75,18.73
ASMS.NS,23.14,1.93,31.42
ASPINWALL.NS,15.78,1.32,23.65
ASTEC.NS,-0.26,-0.02,20.5
ASTERDM.NS,10.81,0.9,19.7
ASTRAL.NS,-12.19,-1.01,14.07
ASTRAMICRO.NS,22.14,1.84,22.22
ASTRAZEN.NS,25.16,2.1,22.52
ASTRON.NS,-53.1,-4.43,28.28
ATALREAL.NS,5.12,0.43,32.84
ATAM.NS,-48.56,-4.05,22.9
ATFL.NS,12.67,1.05,23.08
ATGL.NS,-46.78,-3.9,23.2
ATL.NS,-22.89,-1.91,23.06
ATLANTAA.NS,79.01,6.58,30.46
ATUL.NS,-4.93,-0.41,13.26
ATULAUTO.NS,-18.96,-1.58,22.46
AUBANK.NS,-36.81,-3.07,15.16
AURIONPRO.NS,46.8,3.9,27.48
AUROPHARMA.NS,10.31,0.86,13.58
AURUM.NS,46.25,3.86,21.99
AUSOMENT.NS,42.65,3.55,31.31
AUTOAXLES.NS,-19.99,-1.66,12.57
AUTOIND.NS,-24.28,-2.02,24.03
AVADHSUGAR.NS,-15.97,-1.33,24.36
AVALON.NS,69.28,5.77,24.41
AVANTEL.NS,-24.26,-4.85,20.04
AVANTIFEED.NS,35.24,2.94,22.42
AVG.NS,2.5,0.21,28.93
AVL.NS,10.74,10.74,17.77
AVONMORE.NS,64.47,5.37,33.24
AVROIND.NS,59.2,4.93,32.92
AVTNPL.NS,-23.94,-2.0,18.53
AWFIS.NS,56.16,8.02,34.83
AWHCL.NS,37.92,3.16,26.04
AWL.NS,-28.66,-2.39,16.48
AXISBANK.NS,-5.27,-0.44,11.55
AXISCADES.NS,-0.15,-0.01,32.5
AXITA.NS,-52.58,-4.38,19.95
AYMSYNTEX.NS,144.23,12.02,31.39
AZAD.NS,89.57,7.46,27.17
BAFNAPH.NS,-18.66,-1.56,16.72
BAGFILMS.NS,29.33,2.44,36.98
BAIDFIN.NS,-41.98,-3.5,28.55
BAJAJ-AUTO.NS,26.51,2.21,14.43
BAJAJCON.NS,-12.68,-1.06,17.05
BAJAJELEC.NS,-25.94,-2.16,15.25
BAJAJFINSV.NS,-11.57,-0.96,11.9
BAJAJHCARE.NS,31.51,2.63,25.44
BAJAJHFL.NS,-20.01,-6.67,18.46
BAJAJHIND.NS,10.49,0.87,28.89
BAJAJHLDNG.NS,31.57,2.63,12.9
BAJEL.NS,75.32,6.28,32.08
BAJFINANCE.NS,-10.21,-0.85,12.88
BALAJEE.NS,-14.83,-4.95,15.72
BALAJITELE.NS,22.59,1.88,31.92
BALAMINES.NS,-30.53,-2.54,16.81
BALAXI.NS,-8.37,-0.7,28.12
BALKRISHNA.NS,-10.32,-0.86,28.83
BALKRISIND.NS,8.91,0.74,14.39
BALMLAWRIE.NS,-4.17,-0.35,22.15
BALPHARMA.NS,16.39,1.37,24.26
BALRAMCHIN.NS,26.93,2.24,18.26
BALUFORGE.NS,114.17,14.27,39.59
BANARBEADS.NS,28.81,2.4,23.48
BANARISUG.NS,35.16,2.93,19.38
BANCOINDIA.NS,51.77,4.31,25.32
BANDHANBNK.NS,-45.44,-3.79,17.71
BANG.NS,72.72,6.06,31.06
BANKA.NS,18.86,1.57,31.9
BANKBARODA.NS,-5.61,-0.47,15.2
BANKINDIA.NS,-10.75,-0.9,18.56
BANSALWIRE.NS,18.95,3.79,20.26
BANSWRAS.NS,-0.78,-0.07,18.84
BARBEQUE.NS,-35.63,-2.97,19.75
BASF.NS,66.37,5.53,24.68
BASML.NS,16.06,1.34,27.19
BATAINDIA.NS,-23.58,-1.96,11.3
BAYERCROP.NS,6.12,0.51,15.96
BBL.NS,43.09,3.59,28.38
BBOX.NS,80.76,6.73,28.11
BBTC.NS,38.75,3.23,22.16
BBTCL.NS,-37.92,-3.16,13.0
BCG.NS,-52.06,-4.34,27.67
BCLIND.NS,-28.14,-2.34,23.78
BCONCEPTS.NS,-62.96,-5.25,25.68
BDL.NS,44.34,3.69,28.9
BEARDSELL.NS,-18.47,-1.54,29.17
BECTORFOOD.NS,39.71,3.31,21.84
BEDMUTHA.NS,24.03,2.0,32.35
BEL.NS,35.02,2.92,19.48
BEML.NS,31.16,2.6,29.29
BEPL.NS,36.99,3.08,24.67
BERGEPAINT.NS,-24.75,-2.06,14.2
BESTAGRO.NS,-14.36,-1.59,23.51
BFINVEST.NS,24.37,2.03,24.25
BFUTILITIE.NS,61.02,5.08,30.09
BGLOBAL.NS,29.67,2.47,17.44
BGRENERGY.NS,58.7,4.89,48.2
BHAGCHEM.NS,76.75,6.4,28.65
BHAGERIA.NS,21.25,1.77,26.73
BHAGYANGR.NS,-24.6,-2.05,24.26
BHANDARI.NS,24.15,2.01,28.82
BHARATFORG.NS,-1.73,-0.14,17.54
BHARATGEAR.NS,-21.73,-1.81,15.51
BHARATRAS.NS,7.42,0.62,20.11
BHARATWIRE.NS,-35.84,-2.99,23.64
BHARTIARTL.NS,41.25,3.44,12.79
BHARTIHEXA.NS,49.37,6.17,24.1
BHEL.NS,11.18,0.93,22.18
BIGBLOC.NS,32.46,2.71,30.59
BIKAJI.NS,39.71,3.31,19.06
BIL.NS,104.95,8.74,31.35
BIOCON.NS,26.35,2.2,18.41
BIOFILCHEM.NS,3.18,0.27,28.91
BIRLACABLE.NS,-26.97,-2.25,22.74
BIRLACORPN.NS,-21.24,-1.77,17.67
BIRLAMONEY.NS,122.13,10.18,33.65
BKMINDST.NS,55.04,4.59,26.84
BLACKBUCK.NS,83.35,83.35,95.78
BLAL.NS,12.14,1.01,26.6
BLBLIMITED.NS,20.91,1.74,35.32
BLISSGVS.NS,28.84,2.4,26.71
BLKASHYAP.NS,19.59,1.63,26.48
BLS.NS,46.8,3.9,25.93
BLSE.NS,-71.86,-7.19,24.07
BLUECHIP.NS,137.35,11.44,29.34
BLUECOAST.NS,99.86,8.32,15.97
BLUEDART.NS,-8.47,-0.7,15.6
BLUEJET.NS,41.11,3.42,18.08
BLUESTARCO.NS,75.24,6.27,19.62
BODALCHEM.NS,-28.02,-2.34,19.62
BOHRAIND.NS,-57.16,-4.76,23.27
BOMDYEING.NS,22.21,1.85,25.48
BOROLTD.NS,12.31,1.03,19.11
BORORENEW.NS,38.74,3.23,24.98
BOROSCI.NS,-23.55,-3.93,17.73
BOSCHLTD.NS,48.33,4.03,14.29
BPCL.NS,18.34,1.53,18.61
BPL.NS,40.84,3.4,29.98
BRIGADE.NS,26.82,2.24,21.71
BRITANNIA.NS,-13.14,-1.1,10.61
BRNL.NS,11.12,0.93,34.08
BROOKS.NS,21.29,1.78,28.91
BSE.NS,88.84,7.4,26.42
BSHSL.NS,-60.94,-5.08,19.84
BSL.NS,23.53,1.96,23.39
BSOFT.NS,-22.3,-1.86,16.69
BTML.NS,-68.22,-5.68,29.36
BURNPUR.NS,6.79,0.57,31.8
BUTTERFLY.NS,-25.89,-2.16,20.16
BVCL.NS,-14.27,-1.19,24.75
BYKE.NS,43.82,3.65,28.96
CALSOFT.NS,-25.54,-2.13,25.97
CAMLINFINE.NS,-4.41,-0.37,21.78
CAMPUS.NS,3.06,0.26,20.22
CAMS.NS,56.99,4.75,18.33
CANBK.NS,5.97,0.5,16.4
CANFINHOME.NS,-9.97,-0.83,15.54
CANTABIL.NS,5.04,0.42,21.1
CAPACITE.NS,50.13,4.18,24.26
CAPITALSFB.NS,-38.3,-3.83,13.03
CAPLIPOINT.NS,48.89,4.07,18.32
CAPTRUST.NS,20.13,1.68,32.16
CARBORUNIV.NS,16.21,1.35,16.59
CAREERP.NS,72.3,6.02,25.75
CARERATING.NS,39.14,3.26,19.59
CARTRADE.NS,80.57,6.71,23.65
CARYSIL.NS,-9.1,-0.76,19.38
CASTROLIND.NS,11.39,0.95,20.52
CCCL.NS,1693.98,141.16,159.45
CCHHL.NS,45.26,3.77,32.3
CCL.NS,14.58,1.21,14.7
CDSL.NS,64.5,5.38,22.36
CEATLTD.NS,16.26,1.35,19.46
CEIGALL.NS,-14.14,-3.54,16.74
CELEBRITY.NS,-19.26,-1.61,27.75
CELLO.NS,-11.0,-0.92,15.53
CENTENKA.NS,39.7,3.31,25.85
CENTEXT.NS,40.44,3.37,31.65
CENTRALBK.NS,2.91,0.24,20.22
CENTRUM.NS,21.16,1.76,26.66
CENTUM.NS,53.43,4.45,28.43
CENTURYPLY.NS,-0.93,-0.08,17.23
CERA.NS,-10.55,-0.88,16.29
CEREBRAINT.NS,39.06,3.25,36.8
CESC.NS,30.78,2.56,21.48
CGCL.NS,-3.57,-0.3,20.62
CGPOWER.NS,28.28,2.36,20.12
CHALET.NS,22.81,1.9,20.1
CHAMBLFERT.NS,31.56,2.63,20.75
CHEMBOND.NS,13.75,1.15,21.81
CHEMCON.NS,-28.15,-2.35,15.29
CHEMFAB.NS,122.88,10.24,33.65
CHEMPLASTS.NS,-5.32,-0.44,19.53
CHENNPETRO.NS,-16.58,-1.38,27.66
CHEVIOT.NS,-10.31,-0.86,15.26
CHOICEIN.NS,76.93,6.41,17.34
CHOLAFIN.NS,-6.46,-0.54,15.2
CHOLAHLDNG.NS,40.14,3.35,21.78
CIEINDIA.NS,-7.54,-0.63,14.36
CIGNITITEC.NS,54.16,4.51,13.21
CINELINE.NS,-8.68,-0.72,26.99
CINEVISTA.NS,5.72,0.48,24.16
CIPLA.NS,10.95,0.91,11.59
CLEAN.NS,-11.97,-1.0,14.61
CLEDUCATE.NS,10.31,0.86,27.34
CLSEL.NS,53.52,4.46,22.94
CMICABLES.NS,-28.9,-2.41,18.99
CMSINFO.NS,17.63,1.47,17.16
COALINDIA.NS,-5.87,-0.49,15.13
COASTCORP.NS,-9.48,-0.79,23.84
COCHINSHIP.NS,90.16,7.51,38.53
COFFEEDAY.NS,-90.81,-7.57,28.44
COFORGE.NS,41.39,3.45,16.7
COLPAL.NS,12.01,1.0,13.1
COMPINFO.NS,-76.7,-6.39,34.34
COMPUSOFT.NS,-4.64,-0.39,30.53
COMSYN.NS,-19.51,-1.77,27.9
CONCOR.NS,-14.76,-1.23,16.84
CONCORDBIO.NS,33.93,2.83,21.53
CONFIPET.NS,-21.51,-1.79,23.28
CONSOFINVT.NS,-44.48,-3.71,19.77
CONTROLPR.NS,-34.74,-2.9,15.64
CORALFINAC.NS,-22.76,-1.9,30.99
CORDSCABLE.NS,52.3,4.36,30.86
COROMANDEL.NS,39.23,3.27,14.41
COSMOFIRST.NS,50.21,4.18,23.72
COUNCODOS.NS,25.34,2.11,29.39
CRAFTSMAN.NS,-3.55,-0.3,22.02
CREATIVE.NS,24.13,2.01,24.16
CREATIVEYE.NS,69.79,5.82,37.38
CREDITACC.NS,-69.86,-5.82,18.15
CREST.NS,51.15,4.26,30.72
CRISIL.NS,23.54,1.96,15.82
CROMPTON.NS,19.68,1.64,16.09
CROWN.NS,57.31,4.77,26.32
CSBBANK.NS,-30.28,-2.52,14.35
CSLFINANCE.NS,-40.28,-3.36,21.62
CTE.NS,59.35,4.94,34.85
CUB.NS,11.92,0.99,14.65
CUBEXTUB.NS,44.14,3.68,28.66
CUMMINSIND.NS,50.86,4.24,18.49
CUPID.NS,38.86,3.24,30.94
CYBERMEDIA.NS,0.45,0.04,32.86
CYBERTECH.NS,12.35,1.03,31.07
CYIENT.NS,-20.51,-1.71,16.65
CYIENTDLM.NS,-1.47,-0.12,19.27
DABUR.NS,-13.48,-1.12,10.78
DALBHARAT.NS,-30.14,-2.51,13.29
DALMIASUG.NS,-10.7,-0.89,22.5
DAMODARIND.NS,-20.4,-1.7,22.33
DANGEE.NS,-55.97,-4.66,25.28
DATAMATICS.NS,-14.94,-1.25,22.04
DATAPATTNS.NS,23.05,1.92,26.63
DAVANGERE.NS,-54.69,-4.97,31.4
DBCORP.NS,8.89,0.74,23.24
DBEIL.NS,15.72,7.86,25.02
DBL.NS,14.39,1.2,23.27
DBOL.NS,-24.38,-2.03,21.07
DBREALTY.NS,1.04,0.09,26.64
DBSTOCKBRO.NS,23.72,1.98,30.85
DCAL.NS,50.37,4.2,33.43
DCBBANK.NS,-13.5,-1.12,15.35
DCI.NS,64.25,5.36,32.42
DCM.NS,38.19,3.18,23.68
DCMFINSERV.NS,107.34,8.94,41.97
DCMNVL.NS,18.12,1.51,22.43
DCMSHRIRAM.NS,4.26,0.35,18.21
DCMSRIND.NS,15.11,1.26,20.91
DCW.NS,51.56,4.3,27.97
DCXINDIA.NS,-10.64,-0.89,23.75
DECCANCE.NS,9.1,0.76,16.23
DEEDEV.NS,-2.67,-0.44,22.72
DEEPAKFERT.NS,58.48,4.87,27.23
DEEPAKNTR.NS,1.49,0.12,16.12
DEEPENR.NS,0.0,0.0,4.78
DEEPINDS.NS,80.62,6.72,23.17
DELHIVERY.NS,-13.97,-1.16,16.2
DELPHIFX.NS,-27.88,-2.32,26.23
DELTACORP.NS,-29.12,-2.43,19.09
DELTAMAGNT.NS,-15.49,-1.29,27.44
DEN.NS,-33.77,-2.81,20.29
DENORA.NS,-19.7,-1.64,23.71
DEVIT.NS,-18.18,-1.51,28.55
DEVYANI.NS,-12.57,-1.05,17.3
DGCONTENT.NS,141.23,11.77,29.98
DHAMPURSUG.NS,-51.84,-4.32,17.49
DHANBANK.NS,45.82,3.82,27.52
DHANI.NS,83.9,6.99,32.16
DHANUKA.NS,38.89,3.24,21.92
DHARMAJ.NS,10.5,0.88,25.22
DHRUV.NS,95.84,7.99,34.17
DHUNINV.NS,62.54,5.21,31.15
DIACABS.NS,257.46,21.45,37.06
DIAMINESQ.NS,-7.24,-0.6,20.47
DIAMONDYD.NS,4.01,0.33,22.99
DICIND.NS,35.0,2.91,20.55
DIFFNKG.NS,-6.35,-3.18,31.9
DIGIDRIVE.NS,-27.37,-2.49,28.8
DIGISPICE.NS,22.93,1.91,36.18
DIGJAMLMTD.NS,-5.8,-0.48,16.46
DIL.NS,-110.4,-9.2,33.02
DISHTV.NS,-52.87,-4.4,24.96
DIVGIITTS.NS,-43.23,-3.6,17.84
DIVISLAB.NS,38.53,3.21,13.14
DIXON.NS,97.15,8.09,21.25
DJML.NS,147.93,12.33,27.83
DLF.NS,8.33,0.69,15.98
DLINKINDIA.NS,56.16,4.68,26.52
DMART.NS,-18.04,-1.5,15.16
DMCC.NS,20.87,1.74,23.61
DNAMEDIA.NS,7.93,0.66,29.67
DODLA.NS,37.65,3.14,20.98
DOLATALGO.NS,89.53,7.46,34.99
DOLLAR.NS,6.12,0.51,15.67
DOLPHIN.NS,183.9,15.33,39.31
DOMS.NS,75.04,6.25,20.75
DONEAR.NS,53.01,4.42,25.35
DPABHUSHAN.NS,92.38,7.7,26.45
DPSCLTD.NS,-6.5,-0.54,27.79
DPWIRES.NS,-51.73,-4.31,19.36
DRCSYSTEMS.NS,68.1,5.68,31.75
DREAMFOLKS.NS,-36.4,-3.03,13.71
DREDGECORP.NS,40.87,3.4,32.39
DRREDDY.NS,10.83,0.9,10.43
DSSL.NS,76.62,6.39,30.76
DTIL.NS,21.82,1.82,22.36
DUCON.NS,-10.03,-0.84,31.06
DVL.NS,26.59,2.22,31.49
DWARKESH.NS,-43.99,-3.67,17.78
DYCL.NS,90.7,7.56,29.94
DYNAMATECH.NS,42.23,3.52,22.4
DYNPRO.NS,39.28,3.27,23.19
E2E.NS,200.31,16.69,39.92
EASEMYTRIP.NS,-23.31,-1.94,19.59
ECLERX.NS,33.21,2.77,17.41
ECOSMOBLTY.NS,-41.42,-13.81,31.59
EDELWEISS.NS,63.36,5.28,31.86
EDUCOMP.NS,-29.19,-2.43,21.91
EICHERMOT.NS,11.46,0.95,11.65
EIDPARRY.NS,50.14,4.18,17.86
EIEL.NS,53.59,53.59,88.18
EIFFL.NS,23.67,1.97,18.18
EIHAHOTELS.NS,63.05,5.25,24.58
EIHOTEL.NS,48.73,4.06,23.14
EIMCOELECO.NS,32.71,2.72,31.82
EKC.NS,49.63,4.14,27.09
ELDEHSG.NS,31.97,2.66,23.01
ELECON.NS,22.44,1.87,26.07
ELECTCAST.NS,33.03,2.75,31.42
ELECTHERM.NS,184.97,15.41,33.84
ELGIEQUIP.NS,5.59,0.47,20.85
ELGIRUBCO.NS,76.52,6.38,36.02
ELIN.NS,35.0,2.92,24.45
EMAMILTD.NS,7.39,0.62,19.58
EMAMIPAP.NS,-8.1,-0.68,18.44
EMAMIREAL.NS,10.48,0.87,27.54
EMBDL.NS,-17.21,-2.87,24.51
EMCURE.NS,3.55,0.71,14.92
EMIL.NS,-24.73,-2.06,23.05
EMKAY.NS,78.3,6.53,29.63
EMMBI.NS,37.06,3.09,25.71
EMSLIMITED.NS,76.62,6.39,29.73
EMUDHRA.NS,75.49,6.29,23.66
ENDURANCE.NS,9.37,0.78,17.72
ENERGYDEV.NS,7.59,0.63,27.51
ENGINERSIN.NS,5.88,0.49,29.48
ENIL.NS,2.61,0.22,28.75
ENTERO.NS,29.33,2.93,17.43
EPACK.NS,86.1,7.83,33.62
EPIGRAL.NS,73.12,6.09,25.11
EPL.NS,23.49,1.96,14.1
EQUIPPP.NS,-3.41,-0.28,26.09
EQUITASBNK.NS,-57.34,-4.78,14.93
ERIS.NS,41.03,3.42,17.59
EROSMEDIA.NS,-47.14,-3.93,26.22
ESABINDIA.NS,-1.36,-0.11,13.84
ESAFSFB.NS,-59.2,-4.93,16.34
ESCORTS.NS,8.37,0.7,17.15
ESSARSHPNG.NS,26.78,2.23,41.28
ESSENTIA.NS,51.64,4.3,38.17
ESTER.NS,64.2,5.35,28.22
ETHOSLTD.NS,35.69,2.97,21.92
EUREKAFORB.NS,0.28,0.09,19.35
EUROTEXIND.NS,60.61,5.05,41.19
EVEREADY.NS,14.27,1.19,17.34
EVERESTIND.NS,-53.58,-4.46,22.2
EXCEL.NS,149.11,12.43,38.91
EXCELINDUS.NS,36.23,3.02,22.86
EXICOM.NS,33.82,3.76,37.12
EXIDEIND.NS,30.87,2.57,19.99
EXPLEOSOL.NS,9.44,0.79,13.83
EXXARO.NS,-24.7,-2.06,23.59
FACT.NS,24.01,2.0,27.06
FAIRCHEMOR.NS,10.07,0.84,25.84
FAZE3Q.NS,5.68,0.47,24.05
FCL.NS,-10.06,-0.84,21.4
FCONSUMER.NS,-4.71,-0.39,28.38
FCSSOFT.NS,-23.99,-2.0,25.44
FDC.NS,18.32,1.53,15.39
FEDERALBNK.NS,16.46,1.37,12.98
FEDFINA.NS,-27.55,-2.3,14.43
FEL.NS,-40.94,-3.41,22.86
FELDVR.NS,17.17,1.43,26.64
FIBERWEB.NS,60.98,5.08,34.0
FIEMIND.NS,35.02,2.92,18.45
FILATEX.NS,21.79,1.82,25.38
FINCABLES.NS,7.65,0.64,21.12
FINEORG.NS,-6.12,-0.51,13.72
FINOPB.NS,17.81,1.48,26.12
FINPIPE.NS,10.96,0.91,18.67
FIRSTCRY.NS,-0.05,-0.01,18.96
FIVESTAR.NS,-3.42,-0.28,18.44
FLAIR.NS,-13.66,-1.14,16.98
FLEXITUFF.NS,61.84,5.15,38.83
FLFL.NS,-18.87,-1.57,25.03
FLUOROCHEM.NS,11.61,0.97,22.63
FMGOETZE.NS,8.5,0.71,15.44
FMNL.NS,162.52,13.54,42.85
FOCUS.NS,-34.7,-2.89,28.28
FOODSIN.NS,-28.19,-2.35,19.52
FORCEMOT.NS,98.16,8.92,32.76
FORTIS.NS,40.06,3.34,15.15
FOSECOIND.NS,10.72,0.89,19.13
FRETAIL.NS,-35.19,-2.93,17.27
FSC.NS,-170.66,-14.22,39.15
FSL.NS,65.84,5.48,20.45
FUSION.NS,-119.27,-9.94,26.98
GABRIEL.NS,22.4,1.87,22.63
GAEL.NS,-42.93,-3.58,20.68
GAIL.NS,10.37,0.86,17.83
GALAPREC.NS,45.14,15.04,44.81
GALAXYSURF.NS,-2.89,-0.24,14.75
GALLANTT.NS,66.6,5.55,28.45
GANDHAR.NS,-28.33,-2.36,17.46
GANDHITUBE.NS,6.15,0.51,18.92
GANECOS.NS,77.09,6.42,23.74
GANESHBE.NS,-16.47,-1.37,21.88
GANESHHOUC.NS,122.82,10.24,32.86
GANGAFORGE.NS,55.93,4.66,39.69
GANGESSECU.NS,50.92,4.24,27.92
GANGOTRI.NS,33.47,2.79,15.77
GARFIBRES.NS,24.1,2.01,17.08
GARUDA.NS,27.42,13.71,39.39
GATECH.NS,-47.97,-4.0,38.75
GATECHDVR.NS,-183.8,-15.32,40.8
GATEWAY.NS,-32.27,-2.69,16.72
GAYAHWS.NS,74.26,6.19,35.51
GAYAPROJ.NS,12.77,1.07,28.44
GEECEE.NS,49.41,4.12,24.1
GEEKAYWIRE.NS,7.75,0.65,29.69
GENCON.NS,-1.01,-0.09,33.79
GENESYS.NS,79.05,6.59,27.79
GENSOL.NS,-17.86,-1.49,26.08
GENUSPAPER.NS,18.79,1.57,28.79
GENUSPOWER.NS,49.08,4.09,27.33
GEOJITFSL.NS,45.0,3.75,30.15
GEPIL.NS,61.5,5.12,34.57
GESHIP.NS,-2.61,-0.22,19.54
GET&D.NS,127.51,10.62,27.2
GFLLIMITED.NS,-15.87,-1.32,24.62
GFSTEELS.NS,24.58,2.05,8.38
GHCL.NS,15.75,1.31,18.96
GHCLTEXTIL.NS,42.53,3.54,24.57
GICHSGFIN.NS,-5.89,-0.49,21.81
GICRE.NS,50.6,4.22,24.62
GILLANDERS.NS,32.97,2.75,30.9
GILLETTE.NS,36.26,3.02,14.76
GINNIFILA.NS,12.61,1.05,26.28
GIPCL.NS,35.41,2.95,27.27
GKWLIMITED.NS,56.22,4.68,34.91
GLAND.NS,-9.82,-0.82,15.62
GLAXO.NS,22.77,1.9,18.3
GLENMARK.NS,61.05,5.09,16.31
GLFL.NS,57.36,4.78,35.4
GLOBAL.NS,-46.1,-3.84,26.94
GLOBALVECT.NS,105.03,8.75,35.31
GLOBE.NS,67.5,5.63,35.94
GLOBUSSPR.NS,7.56,0.63,23.87
GLOSTERLTD.NS,-29.41,-3.68,13.28
GLS.NS,47.68,3.97,21.07
GMBREW.NS,37.27,3.11,20.84
GMDCLTD.NS,-24.08,-2.0,21.76
GMMPFAUDLR.NS,-29.1,-2.42,14.81
GMRINFRA.NS,3.99,0.33,19.37
GMRP&UI.NS,71.14,5.93,36.62
GNA.NS,-9.96,-0.83,16.07
GNFC.NS,-26.68,-2.22,16.74
GOACARBON.NS,18.77,1.56,26.37
GOCLCORP.NS,-38.73,-3.23,23.62
GOCOLORS.NS,-22.74,-1.89,20.14
GODAVARIB.NS,-7.79,-3.9,31.67
GODFRYPHLP.NS,107.23,8.94,31.25
GODHA.NS,85.53,7.13,30.76
GODIGIT.NS,10.72,1.53,21.38
GODREJAGRO.NS,26.84,2.24,16.7
GODREJCP.NS,-9.56,-0.8,13.37
GODREJIND.NS,47.22,3.93,20.29
GODREJPROP.NS,30.52,2.54,18.58
GOENKA.NS,50.98,4.25,32.56
GOKEX.NS,37.59,3.13,22.57
GOKUL.NS,26.44,2.2,28.17
GOKULAGRO.NS,106.04,8.84,26.39
GOLDENTOBC.NS,-22.51,-1.88,21.88
GOLDIAM.NS,101.48,8.46,30.76
GOLDTECH.NS,-35.52,-2.96,36.8
GOODLUCK.NS,-7.61,-0.63,22.47
GOPAL.NS,12.5,1.39,21.87
GOYALALUM.NS,-5.78,-0.48,20.2
GPIL.NS,34.63,2.89,23.67
GPPL.NS,11.39,0.95,20.6
GPTHEALTH.NS,-12.43,-1.24,23.13
GPTINFRA.NS,50.61,4.22,31.29
GRANULES.NS,45.36,3.78,19.12
GRAPHITE.NS,2.19,0.18,18.72
GRASIM.NS,10.52,0.88,10.67
GRAVITA.NS,77.66,6.47,34.16
GREAVESCOT.NS,43.54,3.63,24.87
GREENLAM.NS,0.03,0.0,17.78
GREENPANEL.NS,-18.04,-1.5,17.57
GREENPLY.NS,29.15,2.43,23.08
GREENPOWER.NS,-36.15,-3.01,24.06
GRINDWELL.NS,-15.76,-1.31,16.97
GRINFRA.NS,25.1,2.09,16.73
GRMOVER.NS,20.45,1.7,30.02
GROBTEA.NS,34.01,2.83,25.07
GRPLTD.NS,89.06,7.42,30.07
GRSE.NS,64.9,5.41,36.0
GRWRHITECH.NS,131.56,10.96,30.36
GSEC10ABSL.NS,2.68,0.67,3.81
GSFC.NS,-13.85,-1.15,23.47
GSLSU.NS,6.49,0.54,28.35
GSPL.NS,26.59,2.22,21.17
GSS.NS,-113.2,-9.43,30.7
GTECJAINX.NS,-104.28,-8.69,33.01
GTL.NS,32.19,2.68,35.54
GTLINFRA.NS,78.86,6.57,39.27
GTPL.NS,-34.95,-2.91,16.82
GUFICBIO.NS,34.63,2.89,21.14
GUJALKALI.NS,-6.55,-0.54,17.1
GUJAPOLLO.NS,12.51,1.04,28.03
GUJGASLTD.NS,4.1,0.34,18.29
GUJRAFFIA.NS,33.15,2.76,32.18
GULFOILLUB.NS,50.87,4.24,26.59
GULFPETRO.NS,-7.1,-0.59,30.61
GULPOLY.NS,-15.51,-1.29,23.73
GVKPIL.NS,-64.97,-5.41,32.77
GVPTECH.NS,-5.14,-0.43,26.1
GVT&D.NS,148.79,12.4,29.12
HAL.NS,33.02,2.75,20.85
HAPPSTMNDS.NS,-29.94,-2.49,11.85
HAPPYFORGE.NS,-8.66,-0.72,15.59
HARDWYN.NS,-26.49,-2.21,28.09
HARIOMPIPE.NS,-16.4,-1.37,25.54
HARRMALAYA.NS,51.73,4.31,27.9
HARSHA.NS,21.51,1.79,17.72
HATHWAY.NS,-27.24,-2.27,20.43
HATSUN.NS,-15.09,-1.26,17.16
HAVELLS.NS,16.41,1.37,15.0
HAVISHA.NS,-23.73,-1.98,28.38
HBLPOWER.NS,38.54,3.21,26.26
HBSL.NS,54.18,4.52,33.43
HCC.NS,54.67,4.56,33.37
HCG.NS,39.49,3.29,14.04
HCL-INSYS.NS,-10.15,-0.84,28.22
HCLTECH.NS,26.1,2.17,11.4
HDFCAMC.NS,23.43,1.95,13.3
HDFCBANK.NS,0.33,0.03,10.42
HDFCLIFE.NS,-2.67,-0.22,12.49
HDIL.NS,-0.06,-0.0,25.77
HEADSUP.NS,-32.02,-2.67,30.88
HECPROJECT.NS,32.12,2.68,34.1
HEG.NS,42.53,3.54,25.22
HEIDELBERG.NS,-11.37,-0.95,13.46
HEMIPROP.NS,11.14,0.93,24.69
HERANBA.NS,5.31,0.44,22.9
HERCULES.NS,-6.77,-0.57,51.06
HERITGFOOD.NS,45.97,3.83,23.84
HEROMOTOCO.NS,1.7,0.14,14.25
HESTERBIO.NS,61.2,5.1,24.31
HEUBACHIND.NS,-6.75,-0.56,24.41
HEXATRADEX.NS,54.76,4.56,26.17
HFCL.NS,28.53,2.38,28.64
HGINFRA.NS,43.37,3.61,23.77
HGS.NS,-33.79,-2.82,18.29
HIKAL.NS,19.07,1.59,18.27
HIL.NS,-18.4,-1.54,14.94
HILTON.NS,-6.09,-0.51,28.49
HIMATSEIDE.NS,15.63,1.3,23.88
HINDALCO.NS,-4.25,-0.36,16.29
HINDCOMPOS.NS,4.79,0.4,23.58
HINDCON.NS,-12.49,-1.04,24.09
HINDCOPPER.NS,-1.28,-0.11,24.05
HINDMOTORS.NS,55.25,4.6,34.52
HINDNATGLS.NS,27.11,2.26,30.25
HINDOILEXP.NS,7.96,0.66,23.98
HINDPETRO.NS,34.69,2.89,19.91
HINDUNILVR.NS,-13.35,-1.11,10.61
HINDWAREAP.NS,-63.85,-5.32,22.54
HINDZINC.NS,53.18,4.43,25.01
HIRECT.NS,92.07,7.67,30.46
HISARMETAL.NS,12.27,1.02,24.48
HITECH.NS,28.33,2.36,27.44
HITECHCORP.NS,-15.18,-1.26,26.06
HITECHGEAR.NS,59.33,4.94,31.1
HLEGLAS.NS,-43.84,-3.65,16.2
HLVLTD.NS,-35.6,-2.97,28.67
HMAAGRO.NS,-81.0,-6.75,24.48
HMT.NS,43.37,3.62,35.62
HMVL.NS,-8.13,-0.68,23.64
HNDFDS.NS,2.15,0.18,14.48
HOMEFIRST.NS,8.1,0.67,20.48
HONASA.NS,-49.19,-4.1,24.17
HONAUT.NS,4.47,0.37,14.51
HONDAPOWER.NS,31.53,2.63,23.83
HOVS.NS,2.66,0.22,28.72
HPAL.NS,-26.35,-2.2,17.2
HPIL.NS,33.27,2.77,32.77
HPL.NS,69.13,5.76,29.21
HSCL.NS,63.69,5.31,25.19
HTMEDIA.NS,-13.69,-1.14,23.26
HUBTOWN.NS,145.79,12.15,36.58
HUDCO.NS,65.69,5.47,29.79
HUHTAMAKI.NS,-3.4,-0.28,22.17
HYBRIDFIN.NS,47.03,3.92,26.83
HYUNDAI.NS,-0.47,-0.24,11.9
ICDSLTD.NS,14.16,1.18,28.69
ICEMAKE.NS,24.4,2.03,30.37
ICICIBANK.NS,21.37,1.78,9.0
ICICIGI.NS,25.07,2.09,13.01
ICICIPRULI.NS,22.34,1.86,13.61
ICIL.NS,22.27,1.85,25.04
ICRA.NS,5.8,0.48,15.66
IDBI.NS,8.87,0.74,19.7
IDEA.NS,-75.27,-6.27,32.44
IDEAFORGE.NS,-40.6,-3.38,19.48
IDFC.NS,-1.15,-1.15,3.05
IDFCFIRSTB.NS,-41.6,-3.47,12.43
IEX.NS,-0.23,-0.02,20.26
IFBAGRO.NS,13.25,1.1,19.62
IFBIND.NS,66.11,5.51,30.65
IFCI.NS,112.25,9.35,42.1
IFGLEXPOR.NS,-55.6,-4.63,24.88
IGARASHI.NS,40.96,3.41,26.38
IGL.NS,-9.4,-0.78,18.7
IGPL.NS,18.77,1.56,21.48
IIFL.NS,-24.39,-2.03,29.76
IIFLCAPS.NS,4.58,4.58,20.43
IIFLSEC.NS,1.65,1.65,20.43
IITL.NS,69.37,5.78,28.41
IKIO.NS,-26.03,-2.17,16.22
IL&FSENGG.NS,43.55,3.63,34.7
IL&FSTRANS.NS,72.18,6.02,36.29
IMAGICAA.NS,13.11,1.09,22.23
IMFA.NS,53.83,4.49,23.64
IMPAL.NS,23.54,1.96,19.04
IMPEXFERRO.NS,-17.72,-1.48,34.22
INCREDIBLE.NS,28.49,2.37,30.27
INDBANK.NS,22.49,1.87,26.49
INDGN.NS,14.15,2.02,21.65
INDHOTEL.NS,63.15,5.26,15.84
INDIACEM.NS,31.22,2.6,19.97
INDIAGLYCO.NS,48.53,4.04,23.8
INDIAMART.NS,-20.91,-1.74,16.31
INDIANB.NS,21.28,1.77,19.07
INDIANCARD.NS,38.22,3.18,23.64
INDIANHUME.NS,40.99,3.42,30.71
INDIASHLTR.NS,18.59,1.55,17.25
INDIGO.NS,35.2,2.93,14.78
INDIGOPNTS.NS,-13.84,-1.15,12.66
INDNIPPON.NS,23.51,1.96,21.78
INDOAMIN.NS,51.83,4.32,34.02
INDOBORAX.NS,-19.06,-1.59,21.86
INDOCO.NS,-16.47,-1.37,14.83
INDORAMA.NS,-19.79,-1.65,25.25
INDOSTAR.NS,58.4,4.87,32.04
INDOTECH.NS,158.79,13.23,42.36
INDOTHAI.NS,194.84,16.24,34.98
INDOUS.NS,4.14,1.38,37.59
INDOWIND.NS,34.07,2.84,30.74
INDRAMEDCO.NS,110.86,9.24,27.6
INDSWFTLAB.NS,2.25,0.19,31.56
INDSWFTLTD.NS,45.83,3.82,32.98
INDTERRAIN.NS,-32.51,-2.71,23.43
INDUSINDBK.NS,-53.56,-4.46,13.38
INDUSTOWER.NS,58.1,4.84,20.92
INFIBEAM.NS,21.04,1.75,25.77
INFOBEAN.NS,-14.34,-1.2,16.81
INFOMEDIA.NS,47.59,3.96,32.3
INFY.NS,23.28,1.94,11.98
INGERRAND.NS,21.93,1.83,16.44
INNOVACAP.NS,62.0,5.17,21.35
INOXGREEN.NS,48.74,4.06,31.64
INOXINDIA.NS,19.06,1.59,20.83
INOXWIND.NS,42.88,3.57,31.81
INSECTICID.NS,21.74,1.81,25.56
INSPIRISYS.NS,47.97,4.0,30.34
INTELLECT.NS,3.4,0.28,22.4
INTENTECH.NS,25.31,2.11,30.26
INTERARCH.NS,36.71,9.18,30.29
INTLCONV.NS,-9.67,-0.8,24.87
INVENTURE.NS,-23.59,-1.97,26.19
IOB.NS,16.92,1.41,24.28
IOC.NS,-2.79,-0.23,16.95
IOLCP.NS,-11.9,-0.99,20.62
IONEXCHANG.NS,10.29,0.86,20.5
IPCALAB.NS,34.31,2.86,13.32
IPL.NS,-54.67,-4.56,25.59
IRB.NS,23.51,1.96,26.36
IRCON.NS,19.55,1.63,29.49
IRCTC.NS,-19.09,-1.59,14.67
IREDA.NS,82.03,6.84,34.37
IRFC.NS,45.99,3.83,31.69
IRIS.NS,136.13,11.34,28.67
IRISDOREME.NS,-39.38,-3.28,17.47
IRMENERGY.NS,-49.1,-4.09,19.88
ISEC.NS,12.3,1.02,12.9
ISFT.NS,25.12,2.09,30.02
ISGEC.NS,51.41,4.29,23.89
ITC.NS,-1.27,-0.1,9.34
ITDC.NS,32.26,2.69,29.64
ITDCEM.NS,53.82,4.48,27.45
ITI.NS,15.88,1.32,30.86
IVC.NS,-15.09,-1.26,25.92
IVP.NS,-7.6,-0.63,28.94
IWEL.NS,64.93,5.41,31.32
IXIGO.NS,5.37,0.89,19.93
IZMO.NS,90.47,7.54,34.05
J&KBANK.NS,-31.56,-2.63,18.25
JAGRAN.NS,-19.74,-1.64,19.63
JAGSNPHARM.NS,66.08,5.51,27.6
JAIBALAJI.NS,27.96,2.33,30.55
JAICORPLTD.NS,-22.66,-1.89,26.96
JAIPURKURT.NS,-68.38,-5.7,32.67
JAMNAAUTO.NS,-17.37,-1.45,18.57
JASH.NS,63.53,5.3,24.77
JAYAGROGN.NS,12.17,1.01,22.79
JAYBARMARU.NS,-23.81,-1.98,22.46
JAYNECOIND.NS,-19.59,-1.63,25.11
JAYSREETEA.NS,19.83,1.65,22.65
JBCHEPHARM.NS,16.99,1.42,16.02
JBMA.NS,8.97,0.75,23.3
JCHAC.NS,52.25,4.35,25.49
JETAIRWAYS.NS,-40.01,-3.33,17.09
JETFREIGHT.NS,47.97,4.0,31.01
JGCHEM.NS,104.72,11.64,36.06
JHS.NS,-11.1,-0.93,32.76
JINDALPHOT.NS,44.87,3.74,26.75
JINDALPOLY.NS,48.89,4.07,27.18
JINDALSAW.NS,38.12,3.18,23.16
JINDALSTEL.NS,10.54,0.88,15.3
JINDRILL.NS,5.36,0.45,22.93
JINDWORLD.NS,37.78,3.15,27.52
JIOFIN.NS,21.02,1.75,16.36
JISLDVREQS.NS,4.48,0.37,26.17
JISLJALEQS.NS,8.91,0.74,26.18
JITFINFRA.NS,24.57,2.05,30.94
JKCEMENT.NS,12.67,1.06,13.44
JKIL.NS,22.84,1.9,21.88
JKLAKSHMI.NS,-11.88,-0.99,16.46
JKPAPER.NS,11.58,0.96,21.87
JKTYRE.NS,-7.35,-0.61,20.49
JLHL.NS,37.28,3.11,18.53
JMA.NS,27.95,2.33,22.35
JMFINANCIL.NS,36.65,3.05,25.54
JNKINDIA.NS,-2.13,-0.26,25.02
JOCIL.NS,-11.16,-0.93,19.68
JPASSOCIAT.NS,-91.83,-7.65,35.97
JPOLYINVST.NS,29.13,2.43,25.56
JPPOWER.NS,25.45,2.12,25.2
JSFB.NS,-14.35,-1.44,27.19
JSL.NS,19.34,1.61,20.16
JSWENERGY.NS,44.39,3.7,20.55
JSWHL.NS,114.68,9.56,30.01
JSWINFRA.NS,32.09,2.68,19.84
JSWSTEEL.NS,-0.42,-0.04,12.1
JTEKTINDIA.NS,2.41,0.2,20.46
JTLIND.NS,-20.65,-1.72,22.6
JUBLFOOD.NS,14.65,1.22,14.78
JUBLINDS.NS,-5.28,-5.28,6.2
JUBLINGREA.NS,43.79,3.65,21.5
JUBLPHARMA.NS,67.25,5.6,20.1
JUNIPER.NS,-22.5,-2.25,22.36
JUSTDIAL.NS,28.74,2.39,25.14
JWL.NS,52.22,4.35,30.83
JYOTHYLAB.NS,-27.62,-2.3,21.67
JYOTICNC.NS,99.74,9.07,30.17
JYOTISTRUC.NS,65.22,5.44,37.48
KABRAEXTRU.NS,19.55,1.63,23.81
KAJARIACER.NS,-18.22,-1.52,16.42
KAKATCEM.NS,-28.71,-2.39,18.53
KALAMANDIR.NS,-52.65,-4.39,21.82
KALYANIFRG.NS,41.21,3.43,28.18
KALYANKJIL.NS,68.22,5.69,23.45
KAMATHOTEL.NS,-15.31,-1.28,24.45
KAMDHENU.NS,36.12,3.01,27.68
KAMOPAINTS.NS,-22.76,-1.9,38.1
KANANIIND.NS,-25.7,-2.14,29.01
KANORICHEM.NS,-14.86,-1.24,24.26
KANPRPLA.NS,3.03,0.25,22.54
KANSAINER.NS,-27.42,-2.28,13.2
KAPSTON.NS,68.85,5.74,25.35
KARMAENG.NS,9.86,0.82,30.77
KARURVYSYA.NS,24.1,2.01,17.89
KAUSHALYA.NS,9.59,0.8,28.51
KAVVERITEL.NS,158.82,13.24,37.52
KAYA.NS,22.09,1.84,32.0
KAYNES.NS,99.9,8.32,28.45
KBCGLOBAL.NS,3.91,0.33,24.35
KCP.NS,45.1,3.76,28.09
KCPSUGIND.NS,19.45,1.62,28.92
KDDL.NS,11.46,0.95,23.75
KEC.NS,62.03,5.17,19.97
KECL.NS,64.92,5.41,33.1
KEEPLEARN.NS,85.46,7.12,44.79
KEI.NS,18.77,1.56,21.18
KELLTONTEC.NS,46.53,3.88,28.09
KERNEX.NS,110.52,9.21,38.21
KESORAMIND.NS,20.54,1.71,11.65
KEYFINSERV.NS,72.88,6.07,37.69
KFINTECH.NS,115.3,9.61,26.85
KHADIM.NS,6.51,0.54,22.22
KHAICHEM.NS,6.29,0.52,26.54
KHAITANLTD.NS,22.89,1.91,31.68
KHANDSE.NS,-6.87,-0.57,23.96
KICL.NS,65.33,5.44,28.31
KILITCH.NS,-27.97,-2.33,20.73
KIMS.NS,41.14,3.43,15.38
KINGFA.NS,45.37,3.78,24.61
KIOCL.NS,-1.26,-0.11,27.98
KIRIINDUS.NS,60.1,5.01,27.88
KIRLOSBROS.NS,89.59,7.46,28.3
KIRLOSENG.NS,48.88,4.07,25.19
KIRLOSIND.NS,26.75,2.23,19.75
KIRLPNU.NS,104.1,8.68,24.95
KITEX.NS,130.68,10.89,31.16
KKCL.NS,-30.72,-2.56,13.92
KMEW.NS,3.4,3.4,18.24
KMSUGAR.NS,4.26,0.35,25.47
KNRCON.NS,17.97,1.5,21.56
KOHINOOR.NS,-18.44,-1.54,21.78
KOKUYOCMLN.NS,-8.21,-0.68,25.78
KOLTEPATIL.NS,-42.36,-3.53,21.51
KOPRAN.NS,-4.38,-0.37,27.31
KOTAKBANK.NS,-10.95,-0.91,9.64
KOTARISUG.NS,-17.2,-1.43,18.86
KOTHARIPET.NS,19.17,1.6,27.79
KOTHARIPRO.NS,59.04,4.92,28.77
KPEL.NS,-10.23,-10.23,23.89
KPIGREEN.NS,38.85,3.24,26.69
KPIL.NS,56.01,4.67,21.45
KPITTECH.NS,-11.95,-1.0,19.69
KPRMILL.NS,26.07,2.18,17.91
KRBL.NS,-19.93,-1.66,15.21
KREBSBIO.NS,23.9,1.99,29.74
KRIDHANINF.NS,93.52,7.79,42.92
KRISHANA.NS,-20.61,-1.72,17.53
KRITI.NS,59.92,4.99,39.34
KRITIKA.NS,21.36,1.78,29.71
KRITINUT.NS,51.38,4.28,31.57
KRN.NS,62.88,31.44,56.22
KRONOX.NS,27.3,4.55,26.85
KROSS.NS,7.17,2.39,30.56
KRSNAA.NS,18.61,1.55,18.8
KRYSTAL.NS,-5.17,-0.57,24.07
KSB.NS,6.46,0.54,17.52
KSCL.NS,29.55,2.46,20.97
KSHITIJPOL.NS,-33.25,-2.77,30.34
KSL.NS,96.07,8.01,30.04
KSOLVES.NS,-22.3,-1.86,16.63
KTKBANK.NS,-17.79,-1.48,15.32
KUANTUM.NS,-31.9,-2.66,22.36
LAGNAM.NS,43.06,3.59,28.94
LAKPRE.NS,27.42,2.28,24.67
LAL.NS,40.17,3.35,35.83
LALPATHLAB.NS,14.99,1.25,14.05
LAMBODHARA.NS,22.64,1.88,31.96
LANCORHOL.NS,-49.53,-5.5,22.44
LANDMARK.NS,-40.85,-3.4,17.15
LAOPALA.NS,-20.78,-1.73,14.74
LASA.NS,-2.07,-0.17,30.19
LATENTVIEW.NS,-2.48,-0.21,15.48
LATTEYS.NS,47.49,3.96,40.2
LAURUSLABS.NS,26.05,2.17,14.99
LAXMICOT.NS,23.33,1.94,33.47
LCCINFOTEC.NS,172.67,14.39,38.43
LEMONTREE.NS,20.41,1.7,18.61
LEXUS.NS,-9.39,-0.78,31.84
LFIC.NS,29.87,2.49,30.58
LGBBROSLTD.NS,-3.37,-0.28,15.32
LGBFORGE.NS,-5.69,-5.69,7.29
LGHL.NS,129.54,10.79,36.84
LIBAS.NS,-19.42,-1.62,24.53
LIBERTSHOE.NS,69.15,5.76,30.0
LICHSGFIN.NS,4.23,0.35,16.76
LICI.NS,4.99,0.41,17.8
LIKHITHA.NS,22.78,1.9,25.3
LINC.NS,13.28,1.11,21.15
LINCOLN.NS,31.7,2.64,20.19
LINDEINDIA.NS,9.4,0.78,21.44
LLOYDSENGG.NS,65.89,5.49,28.24
LLOYDSENT.NS,-9.64,-4.82,17.1
LLOYDSME.NS,60.39,5.03,19.17
LMW.NS,29.09,2.42,16.3
LODHA.NS,31.88,2.66,23.55
LOKESHMACH.NS,-15.77,-1.32,26.31
LORDSCHLO.NS,-4.57,-0.38,25.52
LOTUSEYE.NS,-34.62,-2.88,28.03
LOVABLE.NS,-17.2,-1.43,25.17
LOYALTEX.NS,-60.18,-5.01,31.31
LPDC.NS,39.99,3.33,40.64
LT.NS,-1.27,-0.11,11.68
LTF.NS,-21.5,-1.79,17.28
LTFOODS.NS,66.6,5.55,22.5
LTIM.NS,-6.72,-0.56,13.0
LTTS.NS,-9.21,-0.77,14.08
LUMAXIND.NS,-5.56,-0.46,17.65
LUMAXTECH.NS,40.07,3.34,20.78
LUPIN.NS,47.19,3.93,12.35
LUXIND.NS,52.14,4.35,23.91
LXCHEM.NS,-19.27,-1.61,17.57
LYKALABS.NS,17.02,1.42,22.88
LYPSAGEMS.NS,26.39,2.2,36.57
M&M.NS,49.31,4.11,15.72
M&MFIN.NS,-6.03,-0.5,14.64
MAANALU.NS,2.26,0.19,32.89
MACPOWER.NS,98.85,8.24,25.9
MADHAV.NS,1.6,0.13,29.03
MADHUCON.NS,72.64,6.05,36.9
MADRASFERT.NS,-14.28,-1.19,24.47
MAGADSUGAR.NS,-3.27,-0.27,25.03
MAGNUM.NS,-6.23,-0.52,32.31
MAHABANK.NS,16.16,1.35,19.43
MAHAPEXLTD.NS,2.81,0.23,26.41
MAHASTEEL.NS,118.94,9.91,30.2
MAHEPC.NS,-20.21,-1.68,22.52
MAHESHWARI.NS,-33.78,-2.82,18.64
MAHLIFE.NS,-17.01,-1.42,14.24
MAHLOG.NS,-5.17,-0.43,16.8
MAHSCOOTER.NS,20.07,1.67,16.2
MAHSEAMLES.NS,-27.36,-2.28,19.87
MAITHANALL.NS,-5.06,-0.42,19.19
MALLCOM.NS,26.82,2.24,20.55
MALUPAPER.NS,47.98,4.0,33.71
MANAKALUCO.NS,13.35,1.11,32.66
MANAKCOAT.NS,141.33,11.78,34.11
MANAKSIA.NS,-45.65,-3.8,18.54
MANAKSTEEL.NS,52.04,4.34,34.68
MANALIPETC.NS,-15.27,-1.27,23.8
MANAPPURAM.NS,10.67,0.89,21.36
MANBA.NS,11.54,3.84,29.69
MANCREDIT.NS,-0.24,-0.06,13.66
MANGALAM.NS,12.98,1.08,24.01
MANGCHEFER.NS,23.94,1.99,23.26
MANGLMCEM.NS,16.89,1.41,21.69
MANINDS.NS,21.48,1.79,28.15
MANINFRA.NS,0.37,0.03,18.92
MANKIND.NS,28.56,2.38,16.74
MANOMAY.NS,41.73,3.48,28.92
MANORAMA.NS,108.44,9.04,28.75
MANORG.NS,21.55,1.8,28.32
MANUGRAPH.NS,-4.95,-0.41,30.88
MANYAVAR.NS,-2.34,-0.2,17.02
MAPMYINDIA.NS,-15.14,-1.26,21.21
MARALOVER.NS,12.12,1.01,27.61
MARATHON.NS,52.35,4.36,27.24
MARICO.NS,13.25,1.1,12.07
MARINE.NS,100.21,8.35,35.52
MARKSANS.NS,60.42,5.04,26.46
MARSHALL.NS,-51.13,-4.26,35.94
MARUTI.NS,1.73,0.14,11.21
MASFIN.NS,-15.38,-1.28,14.9
MASKINVEST.NS,179.8,14.98,43.7
MASTEK.NS,4.92,0.41,19.16
MASTERTR.NS,-3.43,-3.43,18.47
MATRIMONY.NS,11.77,0.98,17.67
MAWANASUG.NS,0.19,0.01,21.86
MAXESTATES.NS,71.65,5.97,26.74
MAXHEALTH.NS,54.38,4.53,19.48
MAXIND.NS,55.53,4.63,25.28
MAYURUNIQ.NS,6.08,0.51,18.22
MAZDA.NS,-1.43,-0.12,20.28
MAZDOCK.NS,78.68,6.56,33.31
MBAPL.NS,-33.62,-2.8,16.11
MBECL.NS,-32.01,-2.67,36.13
MBLINFRA.NS,39.72,3.31,34.79
MCL.NS,39.12,3.26,27.84
MCLEODRUSS.NS,54.37,4.53,35.22
MCX.NS,68.35,5.7,21.76
MEDANTA.NS,17.15,1.43,22.21
MEDIASSIST.NS,17.24,1.57,19.67
MEDICAMEQ.NS,1.85,0.15,31.59
MEDICO.NS,-37.44,-3.12,30.51
MEDPLUS.NS,8.29,0.69,12.57
MEGASOFT.NS,24.51,2.04,34.62
MEGASTAR.NS,-47.13,-3.93,23.22
MELSTAR.NS,10.78,0.9,16.29
MENONBE.NS,-14.06,-1.17,18.38
MEP.NS,-136.61,-11.38,38.25
METROBRAND.NS,-3.56,-0.3,17.78
METROPOLIS.NS,18.03,1.5,13.84
MFSL.NS,15.73,1.31,14.23
MGEL.NS,27.86,2.32,30.15
MGL.NS,5.64,0.47,21.62
MHLXMIRU.NS,-16.52,-1.38,37.57
MHRIL.NS,-8.6,-0.72,15.44
MICEL.NS,90.43,7.54,35.14
MIDHANI.NS,-20.48,-1.71,25.16
MINDACORP.NS,24.9,2.07,17.93
MINDTECK.NS,59.32,4.94,33.56
MIRCELECTR.NS,51.96,4.33,36.79
MIRZAINT.NS,-25.89,-2.16,18.6
MITCON.NS,34.66,2.89,32.96
MITTAL.NS,7.16,0.6,32.07
MKPL.NS,-114.28,-9.52,40.0
MMFL.NS,-2.99,-0.25,21.43
MMP.NS,44.73,3.73,25.0
MMTC.NS,23.71,1.98,29.18
MODIRUBBER.NS,22.41,1.87,24.26
MODISONLTD.NS,30.79,2.57,28.55
MODTHREAD.NS,53.9,5.39,26.82
MOHITIND.NS,88.86,7.41,32.22
MOIL.NS,14.74,1.23,29.57
MOKSH.NS,39.61,3.3,34.22
MOL.NS,3.58,0.3,22.13
MOLDTECH.NS,-38.06,-3.17,22.97
MOLDTKPAC.NS,-41.47,-3.46,13.47
MONARCH.NS,61.99,5.17,27.09
MONTECARLO.NS,25.17,2.1,16.86
MORARJEE.NS,-48.52,-4.04,32.29
MOREPENLAB.NS,50.53,4.21,27.4
MOTHERSON.NS,38.61,3.22,20.26
MOTILALOFS.NS,116.79,9.73,33.23
MOTISONS.NS,147.59,12.3,38.94
MOTOGENFIN.NS,-31.83,-2.65,25.21
MPHASIS.NS,3.53,0.29,14.59
MPSLTD.NS,16.45,1.37,18.93
MRF.NS,-5.42,-0.45,11.14
MRO-TEK.NS,47.04,3.92,32.66
MRPL.NS,10.62,0.88,30.32
MSPL.NS,62.47,5.21,33.12
MSTCLTD.NS,8.3,0.69,31.94
MSUMI.NS,-11.14,-0.93,13.18
MTARTECH.NS,-29.24,-2.44,17.88
MTEDUCARE.NS,-29.05,-2.42,25.35
MTNL.NS,84.33,7.03,44.34
MUFIN.NS,-30.67,-2.55,35.36
MUFTI.NS,-44.04,-3.67,24.74
MUKANDLTD.NS,-36.08,-3.01,24.02
MUKKA.NS,14.46,1.61,24.85
MUKTAARTS.NS,14.82,1.23,24.02
MUNJALAU.NS,6.48,0.54,26.26
MUNJALSHOW.NS,3.92,0.33,22.19
MURUDCERA.NS,-10.16,-0.85,26.72
MUTHOOTCAP.NS,-8.74,-0.73,21.45
MUTHOOTFIN.NS,31.39,2.61,14.26
MUTHOOTMF.NS,-32.27,-2.69,15.74
MVGJL.NS,-36.19,-3.02,28.41
NACLIND.NS,-15.36,-1.28,21.16
NAGAFERT.NS,-22.15,-1.85,25.61
NAGREEKCAP.NS,97.84,8.15,36.18
NAGREEKEXP.NS,8.43,0.7,30.41
NAHARCAP.NS,-2.13,-0.18,20.06
NAHARINDUS.NS,13.85,1.16,20.07
NAHARPOLY.NS,34.17,2.85,27.27
NAHARSPING.NS,5.56,0.46,23.5
NAM-INDIA.NS,45.18,3.77,20.57
NARMADA.NS,5.94,0.49,31.27
NATCOPHARM.NS,49.02,4.09,17.44
NATHBIOGEN.NS,-9.73,-0.81,18.98
NATIONALUM.NS,40.88,3.41,24.15
NAUKRI.NS,41.62,3.47,14.2
NAVA.NS,89.89,7.49,26.38
NAVINFLUOR.NS,-16.8,-1.4,14.7
NAVKARCORP.NS,46.48,3.87,28.98
NAVNETEDUL.NS,-13.3,-1.11,14.29
NAZARA.NS,16.02,1.33,21.11
NBCC.NS,56.8,4.73,31.94
NBIFIN.NS,63.58,5.3,22.07
NCC.NS,42.4,3.53,23.31
NCLIND.NS,-7.14,-0.59,18.28
NDGL.NS,88.82,7.4,29.73
NDL.NS,61.63,5.14,34.8
NDLVENTURE.NS,-39.95,-3.33,24.6
NDRAUTO.NS,62.68,5.22,31.81
NDTV.NS,-53.72,-4.48,20.16
NECCLTD.NS,16.54,1.38,29.93
NECLIFE.NS,27.4,2.28,31.8
NELCAST.NS,-26.52,-2.21,21.5
NELCO.NS,54.28,4.52,27.42
NEOGEN.NS,34.47,2.87,24.45
NESCO.NS,1.06,0.09,16.02
NESTLEIND.NS,-21.42,-1.78,9.91
NETWEB.NS,82.3,6.86,26.36
NETWORK18.NS,-12.68,-1.06,23.75
NEULANDLAB.NS,107.98,9.0,31.6
NEWGEN.NS,63.83,5.32,30.02
NEXTMEDIA.NS,18.75,1.56,34.14
NFL.NS,27.55,2.3,29.48
NGIL.NS,-17.61,-1.47,31.71
NGLFINE.NS,-11.55,-0.96,22.9
NH.NS,2.14,0.18,13.18
NHPC.NS,12.77,1.06,23.42
NIACL.NS,-0.35,-0.03,26.49
NIBL.NS,-59.09,-4.93,30.44
NIITLTD.NS,56.81,4.73,28.13
NIITMTS.NS,2.75,0.23,18.42
NILAINFRA.NS,33.98,2.83,31.7
NILASPACES.NS,163.14,13.6,34.37
NILKAMAL.NS,-14.28,-1.19,12.33
NINSYS.NS,-25.56,-2.13,24.72
NIPPOBATRY.NS,-30.89,-2.57,22.58
NIRAJ.NS,39.81,3.32,32.05
NIRAJISPAT.NS,26.83,2.98,4.96
NITCO.NS,159.2,13.27,31.21
NITINSPIN.NS,34.59,2.88,21.31
NITIRAJ.NS,69.01,5.75,26.82
NIVABUPA.NS,0.08,0.08,47.96
NKIND.NS,73.52,6.13,29.53
NLCINDIA.NS,-12.02,-1.0,23.88
NMDC.NS,-2.18,-0.18,20.07
NOCIL.NS,-7.61,-0.64,18.35
NOIDATOLL.NS,65.41,5.45,31.84
NORBTEAEXP.NS,72.19,6.02,36.86
NORTHARC.NS,-31.94,-10.65,24.79
NOVAAGRI.NS,7.59,0.69,27.54
NRAIL.NS,-9.88,-0.82,23.91
NRBBEARING.NS,-22.52,-1.88,21.11
NRL.NS,49.8,4.15,31.64
NSIL.NS,79.41,6.62,29.7
NSLNISP.NS,-17.48,-1.46,22.56
NTL.NS,69.6,5.8,26.22
NTPC.NS,-3.39,-0.28,14.19
NTPCGREEN.NS,4.69,4.69,25.28
NUCLEUS.NS,-38.89,-3.24,25.5
NURECA.NS,-38.87,-3.24,22.36
NUVAMA.NS,57.56,4.8,24.28
NUVOCO.NS,-10.36,-0.86,14.18
NYKAA.NS,-4.78,-0.4,17.68
OAL.NS,9.81,0.82,25.65
OBCL.NS,-14.76,-1.23,22.72
OBEROIRLTY.NS,39.17,3.27,17.57
OCCL.NS,31.26,2.61,30.04
OCCLLTD.NS,21.62,10.81,36.49
OFSS.NS,121.94,10.16,23.46
OIL.NS,58.24,4.85,27.98
OILCOUNTUB.NS,100.87,8.41,35.08
OLAELEC.NS,-18.98,-4.74,33.23
OLECTRA.NS,7.46,0.62,22.43
OMAXAUTO.NS,67.87,5.66,25.62
OMAXE.NS,44.55,3.71,30.52
OMINFRAL.NS,14.28,1.19,33.77
OMKARCHEM.NS,0.42,0.03,28.57
ONELIFECAP.NS,25.55,2.13,40.46
ONEPOINT.NS,6.06,0.5,24.23
ONGC.NS,11.91,0.99,17.37
ONMOBILE.NS,-24.47,-2.04,26.51
ONWARDTEC.NS,-68.25,-5.69,20.63
OPTIEMUS.NS,92.45,7.71,32.37
ORBTEXP.NS,36.64,3.05,25.39
ORCHPHARMA.NS,97.13,8.09,29.61
ORICONENT.NS,11.72,0.98,29.35
ORIENTALTL.NS,-11.76,-0.98,39.73
ORIENTBELL.NS,-31.93,-2.66,16.87
ORIENTCEM.NS,36.18,3.02,26.29
ORIENTCER.NS,-8.65,-0.72,28.36
ORIENTELEC.NS,7.33,0.61,17.32
ORIENTHOT.NS,37.18,3.1,20.97
ORIENTLTD.NS,42.57,3.55,34.46
ORIENTPPR.NS,-3.17,-0.26,24.75
ORIENTTECH.NS,30.7,7.68,34.2
ORISSAMINE.NS,2.85,0.24,26.98
ORTEL.NS,111.19,9.27,30.58
ORTINGLOBE.NS,-20.71,-5.18,20.3
OSIAHYPER.NS,-9.92,-0.83,42.16
OSWALAGRO.NS,97.71,8.14,33.9
OSWALGREEN.NS,71.15,5.93,37.65
OSWALSEEDS.NS,-80.13,-6.68,36.27
PAGEIND.NS,23.51,1.96,11.67
PAISALO.NS,36.06,3.01,37.96
PAKKA.NS,45.53,3.79,29.9
PALASHSECU.NS,24.31,2.03,24.83
PALREDTEC.NS,-69.08,-5.76,32.89
PANACEABIO.NS,111.28,9.27,34.34
PANACHE.NS,132.05,11.0,35.34
PANAMAPET.NS,11.26,0.94,20.99
PANSARI.NS,83.18,6.93,32.95
PAR.NS,-4.29,-0.36,29.69
PARACABLES.NS,-1.77,-0.15,30.18
PARADEEP.NS,47.68,3.97,21.17
PARAGMILK.NS,-20.65,-1.72,22.62
PARAS.NS,36.38,3.03,29.71
PARKHOTELS.NS,-23.51,-2.35,19.64
PARSVNATH.NS,85.87,7.16,32.99
PASUPTAC.NS,18.48,1.54,28.69
PATANJALI.NS,7.24,0.6,18.42
PATELENG.NS,-24.99,-2.08,23.87
PATINTLOG.NS,10.6,0.88,27.19
PAVNAIND.NS,23.04,1.92,27.12
PAYTM.NS,70.24,5.85,31.22
PCBL.NS,77.2,6.44,29.38
PCJEWELLER.NS,154.76,12.9,37.02
PDMJEPAPER.NS,149.66,12.47,34.25
PDSL.NS,9.5,0.79,20.84
PEARLPOLY.NS,26.23,2.19,30.6
PEL.NS,17.37,1.45,18.29
PENIND.NS,35.62,2.97,27.09
PENINLAND.NS,-9.44,-0.79,31.03
PERSISTENT.NS,52.04,4.34,17.13
PETRONET.NS,36.15,3.01,16.61
PFC.NS,8.95,0.75,22.19
PFIZER.NS,7.68,0.64,15.03
PFOCUS.NS,28.57,2.38,28.27
PFS.NS,0.36,0.03,32.08
PGEL.NS,140.64,11.72,33.42
PGHH.NS,-14.84,-1.24,7.88
PGHL.NS,6.07,0.51,10.82
PGIL.NS,70.37,5.87,27.9
PHOENIXLTD.NS,31.57,2.63,23.8
PIDILITIND.NS,4.29,0.36,10.29
PIGL.NS,193.76,16.14,35.92
PIIND.NS,7.31,0.61,12.29
PILANIINVS.NS,43.51,3.63,26.55
PILITA.NS,-1.07,-0.09,28.05
PIONEEREMB.NS,30.08,2.51,25.24
PITTIENG.NS,64.91,5.41,21.01
PIXTRANS.NS,69.5,5.79,24.96
PKTEA.NS,105.48,8.79,32.05
PLASTIBLEN.NS,-18.62,-1.55,23.1
PLATIND.NS,107.94,11.99,32.44
PLAZACABLE.NS,-30.66,-2.56,18.27
PNB.NS,4.03,0.34,17.1
PNBGILTS.NS,16.9,1.41,22.45
PNBHOUSING.NS,6.75,0.56,23.27
PNC.NS,3.91,0.33,26.81
PNCINFRA.NS,-12.45,-1.04,24.44
PNGJL.NS,-6.18,-2.06,21.05
POCL.NS,143.99,12.0,38.72
PODDARHOUS.NS,-72.63,-6.05,19.41
PODDARMENT.NS,-4.24,-0.36,19.21
POKARNA.NS,91.3,7.61,25.14
POLICYBZR.NS,100.64,8.39,23.49
POLYCAB.NS,26.75,2.23,17.22
POLYMED.NS,54.31,4.53,23.01
POLYPLEX.NS,24.31,2.03,21.23
PONNIERODE.NS,-0.02,0.0,18.66
POONAWALLA.NS,-37.13,-3.1,18.35
POWERGRID.NS,19.66,1.64,13.63
POWERINDIA.NS,92.88,7.74,29.39
POWERMECH.NS,6.34,0.53,21.79
PPAP.NS,-12.76,-1.06,23.07
PPL.NS,15.07,1.26,25.48
PPLPHARMA.NS,54.93,4.58,19.67
PRAENG.NS,36.72,3.06,29.25
PRAJIND.NS,35.14,2.93,20.27
PRAKASH.NS,-1.26,-0.11,27.24
PRAKASHSTL.NS,-8.89,-0.74,28.55
PRAXIS.NS,-36.02,-3.0,35.64
PRECAM.NS,33.22,2.77,27.32
PRECOT.NS,65.52,5.46,26.42
PRECWIRE.NS,33.87,2.82,28.16
PREMEXPLN.NS,63.63,5.3,39.38
PREMIER.NS,43.92,3.66,30.29
PREMIERENE.NS,17.82,5.94,26.45
PREMIERPOL.NS,71.92,5.99,32.1
PRESTIGE.NS,44.63,3.72,23.7
PRICOLLTD.NS,30.96,2.58,17.04
PRIMESECU.NS,58.91,4.91,24.81
PRINCEPIPE.NS,-64.79,-5.4,16.91
PRITI.NS,-59.57,-4.96,27.33
PRITIKAUTO.NS,-20.87,-1.74,29.99
PRIVISCL.NS,45.58,3.8,21.38
PROZONER.NS,-28.44,-2.37,25.09
PRSMJOHNSN.NS,-5.26,-0.44,20.5
PRUDENT.NS,85.08,7.09,25.57
PRUDMOULI.NS,75.38,6.28,37.84
PSB.NS,11.53,0.96,24.18
PSPPROJECT.NS,-19.65,-1.64,14.83
PTC.NS,-27.43,-2.28,24.45
PTCIL.NS,75.63,6.3,26.38
PTL.NS,-0.75,-0.06,16.11
PUNJABCHEM.NS,-18.98,-1.58,23.94
PURVA.NS,110.28,9.19,39.16
PVP.NS,90.71,7.56,38.07
PVRINOX.NS,-23.34,-1.95,14.24
PVSL.NS,-40.59,-4.51,19.69
PYRAMID.NS,7.66,0.64,23.87
QUESS.NS,24.75,2.06,19.92
QUICKHEAL.NS,59.21,4.93,29.82
QUINTEGRA.NS,17.55,1.46,17.75
RACE.NS,-17.55,-1.46,17.17
RACLGEAR.NS,-8.24,-8.24,15.6
RADAAN.NS,188.87,15.74,45.37
RADHIKAJWE.NS,102.05,8.51,35.91
RADIANTCMS.NS,-22.63,-1.88,14.98
RADICO.NS,38.05,3.17,17.64
RADIOCITY.NS,-26.96,-2.25,22.91
RAILTEL.NS,7.22,0.6,29.81
RAIN.NS,10.13,0.84,23.2
RAINBOW.NS,22.95,1.91,19.13
RAJESHEXPO.NS,-43.81,-3.65,16.79
RAJMET.NS,-11.83,-0.99,30.87
RAJRATAN.NS,-50.69,-4.22,15.86
RAJRILTD.NS,19.81,1.65,21.17
RAJSREESUG.NS,6.77,0.56,29.22
RAJTV.NS,62.7,5.23,38.02
RAJVIR.NS,60.17,5.01,5.87
RALLIS.NS,10.65,0.89,18.86
RAMANEWS.NS,8.1,0.67,27.8
RAMAPHO.NS,-10.36,-0.86,21.27
RAMASTEEL.NS,2.29,0.19,29.02
RAMCOCEM.NS,-9.41,-0.79,13.06
RAMCOIND.NS,26.53,2.21,19.56
RAMCOSYS.NS,45.54,3.8,27.16
RAMKY.NS,-20.02,-1.67,32.34
RAMRAT.NS,70.14,5.84,25.01
RANASUG.NS,-21.74,-1.81,20.4
RANEENGINE.NS,20.05,1.67,30.55
RANEHOLDIN.NS,33.96,2.83,23.68
RATEGAIN.NS,-16.97,-1.41,17.77
RATNAMANI.NS,-4.03,-0.34,14.5
RATNAVEER.NS,50.27,4.19,30.55
RAYMOND.NS,4.87,0.41,28.62
RAYMONDLSL.NS,-16.75,-5.58,18.91
RBA.NS,-37.25,-3.1,16.94
RBL.NS,16.34,1.36,26.49
RBLBANK.NS,-60.72,-5.06,19.31
RBZJEWEL.NS,77.58,6.47,31.19
RCF.NS,7.92,0.66,26.67
RCOM.NS,21.12,1.76,24.56
RECLTD.NS,17.51,1.46,22.62
REDINGTON.NS,14.34,1.19,15.06
REDTAPE.NS,68.17,5.68,21.79
REFEX.NS,169.54,14.13,37.63
REGENCERAM.NS,70.32,5.86,34.17
RELAXO.NS,-37.38,-3.11,11.85
RELCHEMQ.NS,-44.65,-3.72,23.68
RELIABLE.NS,25.45,2.12,30.98
RELIANCE.NS,-10.3,-0.86,9.28
RELIGARE.NS,36.66,3.05,16.15
RELINFRA.NS,50.87,4.24,38.57
REMSONSIND.NS,5.92,0.49,26.91
RENUKA.NS,-19.56,-1.63,21.86
REPCOHOME.NS,-0.54,-0.05,21.44
REPL.NS,35.21,2.93,24.83
REPRO.NS,-44.28,-3.69,21.76
RESPONIND.NS,-25.14,-2.1,19.87
RGL.NS,62.26,5.19,29.45
RHFL.NS,87.23,7.27,50.06
RHIM.NS,-45.63,-3.8,19.02
RHL.NS,77.41,6.45,30.02
RICOAUTO.NS,0.01,0.0,25.06
RIIL.NS,-26.09,-2.18,22.41
RISHABH.NS,-58.33,-4.86,20.68
RITCO.NS,34.22,2.85,26.64
RITES.NS,8.19,0.68,26.14
RKDL.NS,29.78,2.48,27.57
RKEC.NS,24.97,2.08,28.91
RKFORGE.NS,16.84,1.4,21.39
RKSWAMY.NS,-4.74,-0.53,21.78
RML.NS,10.98,0.92,31.06
ROHLTD.NS,6.08,0.51,21.2
ROLEXRINGS.NS,-20.47,-1.71,21.59
ROLLT.NS,83.4,6.95,36.61
ROLTA.NS,53.28,4.44,31.59
ROML.NS,20.14,1.68,26.06
ROSSARI.NS,-6.07,-0.51,15.44
ROSSELLIND.NS,-96.22,-8.02,64.28
ROSSTECH.NS,-0.2,-0.2,3.06
ROTO.NS,38.98,3.25,26.61
ROUTE.NS,-18.39,-1.53,13.34
RPEL.NS,17.44,4.36,29.94
RPGLIFE.NS,57.11,4.76,21.72
RPOWER.NS,70.9,5.91,37.64
RPPINFRA.NS,69.95,5.83,32.89
RPPL.NS,6.87,0.57,29.39
RPSGVENT.NS,44.77,3.73,28.42
RPTECH.NS,15.24,1.52,23.24
RRKABEL.NS,-13.11,-1.09,16.14
RSSOFTWARE.NS,165.8,13.82,41.7
RSWM.NS,-1.56,-0.13,22.07
RSYSTEMS.NS,-14.1,-1.17,18.5
RTNINDIA.NS,-18.64,-1.55,25.93
RTNPOWER.NS,71.6,5.97,33.61
RUBFILA.NS,-11.59,-2.9,16.17
RUBYMILLS.NS,13.55,1.13,25.06
RUCHINFRA.NS,-1.88,-0.16,26.69
RUCHIRA.NS,-6.31,-0.53,19.05
RUPA.NS,-5.03,-0.42,18.93
RUSHIL.NS,-21.13,-1.76,19.98
RUSTOMJEE.NS,2.13,0.18,16.12
RVHL.NS,68.12,5.68,35.03
RVNL.NS,104.28,8.69,37.28
RVTH.NS,-21.9,-7.3,26.4
S&SPOWER.NS,124.0,10.34,32.7
SABEVENTS.NS,173.71,14.48,41.89
SABTNL.NS,290.85,24.24,99.35
SADBHAV.NS,14.26,1.19,32.93
SADBHIN.NS,34.27,2.86,32.16
SADHNANIQ.NS,-62.8,-5.23,27.72
SAFARI.NS,36.19,3.02,18.03
SAGARDEEP.NS,-2.16,-0.18,25.88
SAGCEM.NS,-20.2,-1.69,17.6
SAGILITY.NS,21.23,21.23,32.06
SAH.NS,-32.54,-2.71,27.07
SAHYADRI.NS,-27.2,-2.27,19.04
SAIL.NS,-10.72,-0.89,22.06
SAKAR.NS,-28.69,-2.39,16.99
SAKHTISUG.NS,8.99,0.75,28.31
SAKSOFT.NS,-20.88,-1.74,24.45
SAKUMA.NS,1.33,0.11,33.75
SALASAR.NS,24.34,2.03,34.28
SALONA.NS,-6.06,-0.5,18.6
SALSTEEL.NS,-15.07,-1.26,26.16
SALZERELEC.NS,163.67,13.64,34.99
SAMBHAAV.NS,91.4,7.62,33.39
SAMHI.NS,9.03,0.75,19.73
SAMMAANCAP.NS,-26.43,-2.2,20.62
SAMPANN.NS,46.25,3.85,33.54
SANCO.NS,11.02,0.92,39.06
SANDESH.NS,35.44,2.95,21.46
SANDHAR.NS,-3.2,-0.27,20.69
SANDUMA.NS,-15.79,-1.32,31.01
SANGAMIND.NS,-2.06,-0.17,25.78
SANGHIIND.NS,-79.91,-6.66,21.71
SANGHVIMOV.NS,-25.77,-2.15,32.67
SANGINITA.NS,-64.55,-5.38,26.38
SANOFI.NS,-24.85,-2.07,17.5
SANOFICONR.NS,-3.38,-1.12,10.56
SANSERA.NS,31.0,2.58,17.29
SANSTAR.NS,0.84,0.17,21.76
SANWARIA.NS,6.46,0.54,29.0
SAPPHIRE.NS,5.72,0.48,18.4
SARDAEN.NS,66.48,5.54,25.94
SAREGAMA.NS,27.84,2.32,24.22
SARLAPOLY.NS,80.72,6.73,30.9
SARVESHWAR.NS,69.83,5.82,36.56
SASKEN.NS,40.8,3.4,22.32
SASTASUNDR.NS,-32.66,-2.72,23.02
SATIA.NS,-41.45,-3.45,17.69
SATIN.NS,-48.88,-4.07,20.09
SATINDLTD.NS,-5.88,-0.49,24.03
SAURASHCEM.NS,-9.32,-0.93,25.05
SBC.NS,39.84,3.32,28.03
SBCL.NS,8.4,0.7,21.41
SBFC.NS,-11.77,-0.98,17.03
SBGLP.NS,67.96,5.66,25.85
SBICARD.NS,-13.07,-1.09,9.92
SBILIFE.NS,-5.44,-0.45,11.94
SBIN.NS,18.99,1.58,12.06
SCHAEFFLER.NS,7.26,0.6,18.6
SCHAND.NS,-28.11,-2.34,17.38
SCHNEIDER.NS,61.58,5.13,28.37
SCI.NS,20.75,1.73,30.35
SCILAL.NS,36.39,4.04,35.3
SCPL.NS,-3.58,-0.3,27.98
SDBL.NS,-7.9,-0.66,22.5
SEAMECLTD.NS,8.92,0.74,21.89
SECMARK.NS,-22.56,-1.88,27.9
SECURCRED.NS,-150.69,-12.56,37.85
SECURKLOUD.NS,-28.75,-2.4,28.59
SEJALLTD.NS,95.6,7.97,28.58
SELAN.NS,53.01,4.42,26.8
SELMC.NS,-67.7,-5.64,28.84
SEMAC.NS,-100.47,-8.37,51.91
SENCO.NS,48.75,4.06,28.07
SEPC.NS,10.96,0.91,33.76
SEQUENT.NS,51.46,4.29,30.07
SERVOTECH.NS,70.43,5.87,28.25
SESHAPAPER.NS,-16.21,-1.35,16.91
SETCO.NS,186.88,15.57,46.36
SETUINFRA.NS,13.18,1.1,37.83
SEYAIND.NS,20.9,1.74,32.14
SFL.NS,-29.43,-2.45,14.2
SGIL.NS,30.71,2.56,26.62
SGL.NS,25.0,2.08,34.08
SHAH.NS,4.64,0.39,31.08
SHAHALLOYS.NS,25.36,2.11,34.93
SHAILY.NS,152.65,12.72,29.2
SHAKTIPUMP.NS,175.05,14.59,32.99
SHALBY.NS,-29.4,-2.45,20.32
SHALPAINTS.NS,-30.91,-2.58,23.73
SHANKARA.NS,-3.34,-0.28,18.55
SHANTI.NS,-9.21,-0.77,32.57
SHANTIGEAR.NS,-33.05,-2.75,16.51
SHARDACROP.NS,62.34,5.2,21.01
SHARDAMOTR.NS,37.96,3.16,25.13
SHAREINDIA.NS,-27.49,-2.29,15.22
SHEKHAWATI.NS,107.07,8.92,38.07
SHEMAROO.NS,9.46,0.79,29.4
SHILPAMED.NS,93.03,7.75,24.36
SHIVALIK.NS,13.38,1.11,25.7
SHIVAMAUTO.NS,-2.04,-0.17,34.24
SHIVAMILLS.NS,2.26,0.19,28.23
SHIVATEX.NS,32.7,2.72,26.41
SHK.NS,53.45,4.45,26.05
SHOPERSTOP.NS,-6.94,-0.58,17.86
SHRADHA.NS,99.47,8.29,33.09
SHREDIGCEM.NS,-13.42,-1.12,16.94
SHREECEM.NS,-12.76,-1.06,12.31
SHREEPUSHK.NS,40.12,3.34,22.92
SHREERAMA.NS,52.27,4.36,26.95
SHRENIK.NS,-46.2,-3.85,33.28
SHREYANIND.NS,-3.06,-0.25,23.44
SHREYAS.NS,33.33,3.03,22.26
SHRIPISTON.NS,25.91,2.16,19.37
SHRIRAMFIN.NS,35.47,2.96,17.91
SHRIRAMPPS.NS,-19.26,-1.61,23.8
SHYAMCENT.NS,-47.05,-3.92,24.72
SHYAMMETL.NS,14.41,1.2,20.55
SHYAMTEL.NS,147.9,12.32,41.82
SICALLOG.NS,-20.77,-1.73,28.59
SIEMENS.NS,52.3,4.36,18.13
SIGACHI.NS,10.23,0.85,29.18
SIGIND.NS,2.26,0.19,26.49
SIGMA.NS,-44.91,-3.74,20.76
SIGNATURE.NS,32.45,2.7,21.06
SIGNPOST.NS,-11.06,-1.11,30.15
SIKKO.NS,-13.62,-1.13,29.03
SIL.NS,-2.33,-0.19,23.03
SILGO.NS,44.07,3.67,33.57
SILINV.NS,39.18,3.26,24.2
SILLYMONKS.NS,38.66,3.22,30.22
SILVERTUC.NS,-12.19,-1.01,13.12
SIMBHALS.NS,-42.7,-3.56,27.42
SIMPLEXINF.NS,142.81,11.9,35.97
SINCLAIR.NS,-1.31,-0.16,19.87
SINDHUTRAD.NS,-10.36,-0.86,41.71
SINTERCOM.NS,8.99,0.75,16.68
SIRCA.NS,-24.57,-2.05,17.6
SIS.NS,-24.28,-2.02,14.56
SITINET.NS,5.63,0.47,32.34
SIYSIL.NS,63.72,5.31,20.29
SJS.NS,60.3,5.02,20.37
SJVN.NS,9.42,0.78,27.97
SKFINDIA.NS,-0.11,-0.01,19.01
SKIL.NS,-27.99,-2.33,18.34
SKIPPER.NS,87.71,7.31,32.93
SKMEGGPROD.NS,-41.6,-3.47,26.83
SKYGOLD.NS,151.45,12.62,35.77
SMARTLINK.NS,14.49,1.21,30.54
SMCGLOBAL.NS,37.68,3.14,21.13
SMLISUZU.NS,19.8,1.65,25.37
SMLT.NS,-41.42,-3.45,29.27
SMSLIFE.NS,88.78,7.4,32.47
SMSPHARMA.NS,66.77,5.57,29.38
SNOWMAN.NS,3.95,0.33,26.63
SOBHA.NS,56.04,4.67,28.42
SOFTTECH.NS,70.58,5.88,30.45
SOLARA.NS,68.44,5.7,32.78
SOLARINDS.NS,30.68,2.56,20.6
SOMANYCERA.NS,-12.35,-1.03,17.74
SOMATEX.NS,75.56,6.3,30.69
SOMICONVEY.NS,107.5,8.96,34.36
SONACOMS.NS,-11.9,-0.99,16.48
SONAMLTD.NS,86.79,7.23,31.06
SONATSOFTW.NS,-10.45,-0.87,21.37
SOTL.NS,45.37,3.78,22.37
SOUTHBANK.NS,-8.7,-0.72,18.94
SOUTHWEST.NS,-17.08,-1.42,30.36
SPAL.NS,38.97,3.25,23.92
SPANDANA.NS,-127.27,-10.61,21.27
SPARC.NS,-26.79,-2.23,27.65
SPCENET.NS,-37.81,-3.15,30.33
SPECIALITY.NS,-20.7,-1.72,21.77
SPENCERS.NS,-29.36,-2.45,28.05
SPIC.NS,-7.77,-0.65,23.06
SPLIL.NS,-13.09,-1.09,18.32
SPLPETRO.NS,25.53,2.13,20.29
SPMLINFRA.NS,99.98,8.33,35.75
SPORTKING.NS,45.96,3.83,26.43
SREEL.NS,-46.25,-3.85,19.08
SRF.NS,-6.87,-0.57,13.39
SRGHFL.NS,31.21,2.6,18.12
SRHHYPOLTD.NS,34.83,2.9,24.41
SRM.NS,69.51,8.69,30.63
SRPL.NS,47.26,3.94,38.93
SSDL.NS,-16.63,-4.16,20.88
SSWL.NS,-32.86,-2.74,15.61
STANLEY.NS,-13.4,-2.23,19.07
STAR.NS,34.09,2.84,32.85
STARCEMENT.NS,16.36,1.36,19.13
STARHEALTH.NS,-11.55,-0.96,13.74
STARPAPER.NS,-2.0,-0.17,17.94
STARTECK.NS,-17.69,-1.48,26.74
STCINDIA.NS,20.35,1.7,29.77
STEELCAS.NS,42.81,3.57,15.92
STEELCITY.NS,35.64,2.97,24.46
STEELXIND.NS,8.51,0.71,26.61
STEL.NS,17.8,1.48,25.72
STERTOOLS.NS,55.91,4.66,27.34
STLTECH.NS,-20.43,-1.7,18.9
STOVEKRAFT.NS,70.37,5.87,24.16
STYLAMIND.NS,28.22,2.35,17.82
STYLEBAAZA.NS,-17.32,-5.78,25.86
STYRENIX.NS,73.83,6.15,20.97
SUBEXLTD.NS,-39.83,-3.32,25.23
SUBROS.NS,12.22,1.02,23.85
SUDARSCHEM.NS,68.0,5.67,22.6
SUKHJITS.NS,2.07,0.17,19.27
SULA.NS,-19.85,-1.66,16.43
SUMEETINDS.NS,88.73,7.4,40.63
SUMICHEM.NS,23.71,1.97,17.38
SUMIT.NS,114.33,9.53,30.28
SUMMITSEC.NS,82.12,6.84,30.46
SUNCLAY.NS,45.38,3.78,23.42
SUNDARAM.NS,-28.96,-2.41,24.3
SUNDARMFIN.NS,23.85,1.99,21.47
SUNDARMHLD.NS,78.35,6.53,30.95
SUNDRMBRAK.NS,44.89,3.74,27.41
SUNDRMFAST.NS,-20.22,-1.68,13.72
SUNFLAG.NS,34.54,2.88,25.45
SUNPHARMA.NS,32.77,2.73,9.91
SUNTECK.NS,7.32,0.61,20.28
SUNTV.NS,2.13,0.18,15.43
SUPERHOUSE.NS,-26.48,-2.21,16.35
SUPERSPIN.NS,36.66,3.06,33.14
SUPRAJIT.NS,10.79,0.9,17.57
SUPREMEENG.NS,132.18,11.01,36.47
SUPREMEIND.NS,10.04,0.84,19.29
SUPREMEINF.NS,121.72,10.14,39.13
SUPRIYA.NS,85.49,7.12,27.18
SURAJEST.NS,74.93,6.24,30.36
SURAKSHA.NS,0.3,0.3,1.46
SURANASOL.NS,43.58,3.63,30.23
SURANAT&P.NS,30.89,2.57,30.03
SURYALAXMI.NS,2.09,0.18,24.35
SURYAROSNI.NS,-30.23,-2.52,25.24
SURYODAY.NS,-11.38,-0.95,22.05
SUTLEJTEX.NS,18.66,1.56,27.35
SUULD.NS,-33.41,-2.78,30.1
SUVEN.NS,58.76,4.9,30.66
SUVENPHAR.NS,52.79,4.4,20.45
SUVIDHAA.NS,-63.06,-5.26,24.6
SUYOG.NS,9.09,2.27,18.0
SUZLON.NS,51.23,4.27,24.56
SVLL.NS,23.01,1.92,22.64
SVPGLOB.NS,-52.67,-4.39,27.92
SWANENERGY.NS,40.95,3.41,29.9
SWARAJENG.NS,17.04,1.42,16.29
SWELECTES.NS,77.59,6.46,35.61
SWIGGY.NS,26.11,26.11,32.1
SWSOLAR.NS,-1.5,-0.12,27.43
SYMPHONY.NS,42.92,3.58,21.57
SYNCOMF.NS,29.29,2.44,29.85
SYNGENE.NS,19.69,1.64,12.43
SYRMA.NS,-15.91,-1.33,22.38
TAINWALCHM.NS,74.13,6.18,29.03
TAJGVK.NS,48.12,4.01,22.83
TAKE.NS,-32.08,-2.67,24.05
TALBROAUTO.NS,-6.59,-0.55,21.35
TANLA.NS,-55.89,-4.66,19.22
TARACHAND.NS,78.57,6.55,35.66
TARAPUR.NS,241.48,20.12,39.06
TARC.NS,20.96,1.75,28.41
TARIL.NS,46.31,11.58,30.81
TARMAT.NS,13.34,1.11,33.32
TARSONS.NS,-34.19,-2.85,18.72
TASTYBITE.NS,-23.5,-1.96,19.86
TATACHEM.NS,-14.6,-1.22,15.98
TATACOFFEE.NS,,,
TATACOMM.NS,-3.82,-0.32,14.09
TATACONSUM.NS,-19.49,-1.62,12.11
TATAELXSI.NS,-26.43,-2.2,14.56
TATAINVEST.NS,31.47,2.62,26.98
TATAMETALI.NS,-0.04,-0.04,2.99
TATAMOTORS.NS,-12.69,-1.06,15.29
TATAMTRDVR.NS,35.44,2.95,10.86
TATAPOWER.NS,12.34,1.03,17.42
TATASTEEL.NS,-6.87,-0.57,14.24
TATATECH.NS,-36.42,-3.03,10.81
TATVA.NS,-64.5,-5.38,20.37
TBOTEK.NS,16.42,2.35,23.86
TBZ.NS,76.61,6.38,33.95
TCI.NS,16.65,1.39,18.64
TCIEXP.NS,-52.85,-4.4,15.75
TCIFINANCE.NS,198.81,16.57,37.27
TCLCONS.NS,53.22,4.43,37.86
TCPLPACK.NS,36.59,3.05,16.87
TCS.NS,8.78,0.73,9.92
TDPOWERSYS.NS,52.7,4.39,22.67
TEAMLEASE.NS,-7.89,-0.66,17.45
TECHIN.NS,140.5,11.71,41.13
TECHM.NS,26.12,2.18,11.64
TECHNOE.NS,71.7,5.97,25.74
TEGA.NS,28.35,2.36,21.78
TEJASNET.NS,41.4,3.45,27.59
TEMBO.NS,130.33,10.86,30.15
TERASOFT.NS,188.09,15.67,49.94
TEXINFRA.NS,21.76,1.81,26.85
TEXMOPIPES.NS,-14.74,-1.23,22.64
TEXRAIL.NS,18.55,1.55,27.13
TFCILTD.NS,31.99,2.67,32.59
TFL.NS,89.1,7.42,33.17
TGBHOTELS.NS,-24.62,-2.05,23.32
THANGAMAYL.NS,31.21,2.6,21.78
THEINVEST.NS,51.1,4.26,24.79
THEJO.NS,19.45,1.62,27.85
THEMISMED.NS,21.46,1.79,23.31
THERMAX.NS,38.98,3.25,21.27
THOMASCOOK.NS,41.26,3.44,23.01
THOMASCOTT.NS,107.2,8.93,33.16
THYROCARE.NS,36.92,3.08,19.89
TI.NS,51.57,4.3,23.05
TIIL.NS,14.02,1.17,27.89
TIINDIA.NS,-3.12,-0.26,17.83
TIJARIA.NS,123.44,10.28,44.75
TIL.NS,31.13,2.59,54.0
TIMESGTY.NS,43.28,3.61,27.86
TIMETECHNO.NS,95.1,7.93,27.02
TIMKEN.NS,-0.66,-0.06,19.29
TINPLATE.NS,-1.22,-1.22,3.79
TIPSFILMS.NS,-33.34,-2.78,34.59
TIPSMUSIC.NS,100.25,8.35,27.08
TIRUMALCHM.NS,42.21,3.52,23.22
TIRUPATIFL.NS,152.85,12.74,40.93
TITAGARH.NS,20.06,1.67,29.11
TITAN.NS,-12.17,-1.01,11.07
TMB.NS,-11.79,-0.98,9.59
TNPETRO.NS,-24.56,-2.05,17.65
TNPL.NS,-34.04,-2.84,19.92
TNTELE.NS,59.37,4.95,35.99
TOKYOPLAST.NS,-5.67,-0.47,26.2
TOLINS.NS,9.99,3.33,37.04
TORNTPHARM.NS,38.53,3.21,11.35
TORNTPOWER.NS,48.18,4.02,22.39
TOTAL.NS,-45.23,-3.77,22.18
TOUCHWOOD.NS,-24.7,-2.06,27.91
TPHQ.NS,115.76,9.65,34.93
TPLPLASTEH.NS,71.79,5.98,31.05
TRACXN.NS,-35.28,-2.94,21.47
TRANSWORLD.NS,9.77,4.89,21.06
TREEHOUSE.NS,-20.97,-1.75,30.71
TREJHARA.NS,37.51,3.12,27.28
TREL.NS,-15.31,-1.28,25.06
TRENT.NS,80.32,6.69,20.27
TRF.NS,66.51,5.54,31.83
TRIDENT.NS,-11.65,-0.97,18.51
TRIGYN.NS,-8.21,-0.68,27.38
TRITURBINE.NS,47.77,3.98,26.8
TRIVENI.NS,27.34,2.28,22.13
TRU.NS,-119.8,-9.98,36.99
TTKHLTCARE.NS,-5.63,-0.47,14.51
TTKPRESTIG.NS,13.12,1.09,13.05
TTL.NS,45.65,3.8,20.5
TTML.NS,-16.5,-1.38,23.94
TV18BRDCST.NS,7.14,7.14,7.61
TVSELECT.NS,17.06,1.42,25.66
TVSHLTD.NS,28.91,2.41,19.77
TVSMOTOR.NS,9.9,0.82,13.75
TVSSCS.NS,-17.15,-1.43,16.54
TVSSRICHAK.NS,-24.49,-2.04,16.15
TVTODAY.NS,-2.9,-0.24,19.02
TVVISION.NS,231.51,19.29,38.66
UBL.NS,10.49,0.87,11.71
UCAL.NS,37.58,3.13,25.9
UCOBANK.NS,5.62,0.47,22.24
UDAICEMENT.NS,-18.4,-2.3,20.32
UDS.NS,6.47,0.54,19.46
UEL.NS,389.98,32.5,521.92
UFLEX.NS,13.51,1.13,23.39
UFO.NS,2.19,0.18,27.58
UGARSUGAR.NS,-19.06,-1.59,22.11
UGROCAP.NS,-24.83,-2.07,19.43
UJJIVANSFB.NS,-56.25,-4.69,18.33
ULTRACEMCO.NS,5.84,0.49,10.33
UMAEXPORTS.NS,70.38,5.86,32.09
UMANGDAIRY.NS,47.09,3.92,35.51
UMESLTD.NS,27.85,2.32,34.47
UNICHEMLAB.NS,57.93,4.83,20.16
UNIDT.NS,2.52,0.21,22.56
UNIECOM.NS,-29.64,-7.41,23.82
UNIENTER.NS,-2.65,-0.22,20.17
UNIINFO.NS,23.24,1.94,38.62
UNIONBANK.NS,-7.43,-0.62,17.6
UNIPARTS.NS,-38.15,-3.18,13.18
UNITDSPR.NS,28.39,4.05,12.14
UNITECH.NS,74.81,6.23,45.6
UNITEDPOLY.NS,58.04,4.84,28.42
UNITEDTEA.NS,41.88,3.49,21.39
UNIVAFOODS.NS,64.32,5.36,6.51
UNIVASTU.NS,92.54,7.71,26.66
UNIVCABLES.NS,38.23,3.19,26.8
UNIVPHOTO.NS,-37.33,-3.11,26.78
UNOMINDA.NS,42.22,3.52,22.55
UPL.NS,-16.56,-1.38,14.81
URAVI.NS,20.73,1.73,28.22
URJA.NS,59.07,4.92,36.98
USHAMART.NS,25.78,2.15,23.39
USK.NS,19.35,1.61,37.61
UTIAMC.NS,28.37,2.36,16.08
UTKARSHBNK.NS,-48.69,-4.06,18.63
UTTAMSUGAR.NS,-49.34,-4.11,21.77
UYFINCORP.NS,-15.17,-7.58,18.02
V2RETAIL.NS,172.68,14.39,34.91
VADILALIND.NS,44.17,3.68,22.94
VAIBHAVGBL.NS,-31.06,-2.59,22.15
VAISHALI.NS,-3.91,-0.33,26.52
VAKRANGEE.NS,95.96,8.0,39.92
VALIANTLAB.NS,-45.99,-3.83,22.47
VALIANTORG.NS,-49.19,-4.1,16.86
VARDHACRLC.NS,-17.89,-1.49,17.42
VARDMNPOLY.NS,64.65,5.39,32.13
VARROC.NS,5.58,0.46,21.46
VASCONEQ.NS,-26.89,-2.24,27.48
VASWANI.NS,88.7,7.39,43.54
VBL.NS,15.24,1.27,15.51
VCL.NS,-11.41,-0.95,33.54
VEDL.NS,63.5,5.29,20.58
VEEDOL.NS,19.28,1.61,25.88
VENKEYS.NS,-8.9,-0.74,20.32
VENUSPIPES.NS,11.72,0.98,21.15
VENUSREM.NS,-31.75,-2.65,20.78
VERANDA.NS,-18.19,-1.52,29.21
VERTOZ.NS,-24.65,-2.05,36.4
VESUVIUS.NS,29.14,2.43,20.47
VETO.NS,17.53,1.46,23.42
VGUARD.NS,32.83,2.74,15.67
VHL.NS,38.36,3.2,24.85
VHLTD.NS,-11.56,-0.96,83.68
VIDHIING.NS,24.44,2.04,15.55
VIJAYA.NS,45.59,3.8,18.82
VIJIFIN.NS,92.58,7.72,35.33
VIKASECO.NS,-21.41,-1.78,23.66
VIKASLIFE.NS,1.15,0.1,25.92
VIMTALABS.NS,101.03,8.42,28.14
VINATIORGA.NS,3.19,0.27,15.58
VINCOFE.NS,-11.85,-5.92,20.16
VINDHYATEL.NS,-6.9,-0.58,24.88
VINEETLAB.NS,-31.42,-2.62,24.83
VINNY.NS,-50.45,-4.21,38.16
VINYLINDIA.NS,-28.18,-2.35,20.36
VIPCLOTHNG.NS,-2.24,-0.19,27.04
VIPIND.NS,-23.86,-1.99,16.98
VIPULLTD.NS,42.82,3.57,34.93
VIRINCHI.NS,-16.69,-1.39,24.88
VISAKAIND.NS,7.76,0.65,26.35
VISASTEEL.NS,51.47,4.29,25.29
VISESHINFO.NS,-36.92,-3.08,32.51
VISHAL.NS,-1.57,-1.57,1.82
VISHNU.NS,15.99,1.33,25.84
VISHWARAJ.NS,-11.03,-0.92,20.96
VIVIDHA.NS,-5.63,-0.47,32.15
VLEGOV.NS,95.82,7.99,34.93
VLSFINANCE.NS,56.57,4.71,24.72
VMART.NS,66.23,5.52,21.16
VOLTAMP.NS,29.32,2.44,26.81
VOLTAS.NS,55.3,4.61,17.0
VPRPL.NS,36.25,3.02,27.48
VRAJ.NS,-2.83,-0.57,23.09
VRLLOG.NS,-41.75,-3.48,15.54
VSSL.NS,8.71,0.73,21.09
VSTIND.NS,5.99,0.5,19.91
VSTL.NS,-35.6,-3.56,25.41
VSTTILLERS.NS,22.45,1.87,17.52
VTL.NS,22.38,1.87,15.08
WAAREEENER.NS,2.49,1.25,38.9
WABAG.NS,92.0,7.67,26.18
WALCHANNAG.NS,48.49,4.04,35.51
WANBURY.NS,82.74,6.89,31.55
WCIL.NS,-31.6,-10.53,24.06
WEALTH.NS,126.61,10.55,30.43
WEBELSOLAR.NS,205.66,17.14,43.28
WEIZMANIND.NS,19.89,1.66,24.5
WEL.NS,168.44,14.04,39.75
WELCORP.NS,25.81,2.15,20.21
WELENT.NS,48.77,4.06,22.43
WELINV.NS,30.03,2.5,22.73
WELSPUNLIV.NS,8.94,0.75,20.63
WENDT.NS,8.47,0.71,18.53
WESTLIFE.NS,3.61,0.3,16.42
WEWIN.NS,3.54,0.3,28.5
WHEELS.NS,-2.49,-0.21,19.5
WHIRLPOOL.NS,41.37,3.45,20.15
WILLAMAGOR.NS,-3.16,-0.26,26.56
WINDLAS.NS,80.82,6.73,26.92
WINDMACHIN.NS,194.52,16.21,46.49
WINSOME.NS,4.84,0.4,15.64
WIPL.NS,48.15,4.01,23.63
WIPRO.NS,22.52,1.88,13.76
WOCKPHARMA.NS,118.74,9.9,26.82
WONDERLA.NS,-13.02,-1.08,16.22
WORTH.NS,14.11,1.18,22.62
WSI.NS,-6.52,-0.54,28.8
WSTCSTPAPR.NS,-26.24,-2.19,17.61
XCHANGING.NS,-3.32,-0.28,22.01
XELPMOC.NS,14.5,1.21,27.36
XPROINDIA.NS,41.05,3.42,21.1
XTGLOBAL.NS,-18.71,-6.24,19.99
YAARI.NS,53.57,4.47,35.31
YASHO.NS,25.4,2.12,24.58
YATHARTH.NS,48.37,4.03,20.93
YATRA.NS,-28.84,-2.4,21.42
YESBANK.NS,-13.59,-1.13,19.53
YUKEN.NS,40.93,3.41,27.87
ZAGGLE.NS,98.03,8.17,30.12
ZEEL.NS,-80.02,-6.67,27.24
ZEELEARN.NS,24.81,2.07,30.38
ZEEMEDIA.NS,37.26,3.11,37.37
ZENITHEXPO.NS,109.89,9.16,38.92
ZENITHSTL.NS,7.98,0.66,32.2
ZENSARTECH.NS,21.07,1.75,18.92
ZENTEC.NS,113.83,9.49,26.82
ZFCVINDIA.NS,-32.12,-2.68,17.27
ZIMLAB.NS,-8.12,-0.68,21.4
ZODIAC.NS,105.69,8.81,34.64
ZODIACLOTH.NS,12.18,1.02,24.4
ZOMATO.NS,76.76,6.4,21.88
ZOTA.NS,51.94,4.33,19.76
ZUARI.NS,22.05,1.84,27.3
ZUARIIND.NS,58.93,4.91,29.49
ZYDUSLIFE.NS,29.1,2.42,14.87
ZYDUSWELL.NS,13.97,1.16,15.15
VMM.NS,-4.5,-4.5,10.66
MOBIKWIK.NS,-5.82,-5.82,22.24
SAILIFE.NS,-4.49,-4.49,7.92
INNOVANA.NS,-40.7,-3.39,26.84
DHANLAXMI.NS,inf,inf,0.0
ODIGMA.NS,0.0,0.0,0.0
ROSSTECH.NS,-0.2,-0.2,3.06
SURAKSHA.NS,0.3,0.3,1.46
EIEL.NS,53.59,53.59,88.18
NTPCGREEN.NS,4.69,4.69,25.28
RACLGEAR.NS,-8.24,-8.24,15.6
BLACKBUCK.NS,83.35,83.35,95.78
